"order_id","product_id","discount"
1,20,0.2
1,8,0.07
1,10,0.05
1,16,0.05
1,4,0.2
2,20,0.07
2,16,0.05
3,3,0.05
3,20,0.05
4,2,0.1
5,10,0.05
5,17,0.07
5,26,0.07
6,18,0.07
6,12,0.05
6,20,0.1
6,3,0.07
6,9,0.07
7,15,0.07
7,3,0.1
7,17,0.1
8,22,0.05
8,20,0.07
9,7,0.1
10,14,0.1
11,8,0.05
11,22,0.1
11,16,0.2
12,4,0.1
12,11,0.05
13,13,0.1
13,17,0.05
13,20,0.1
13,16,0.05
14,6,0.07
15,12,0.07
15,8,0.07
15,18,0.05
15,23,0.2
16,8,0.2
16,21,0.05
16,13,0.07
16,14,0.07
17,8,0.07
17,23,0.1
17,5,0.1
17,20,0.2
18,2,0.2
18,22,0.05
18,7,0.1
18,25,0.05
18,9,0.1
19,10,0.07
19,9,0.2
20,9,0.07
20,10,0.07
21,14,0.05
21,17,0.1
21,10,0.07
22,15,0.2
22,22,0.05
23,4,0.05
23,23,0.1
23,13,0.2
24,3,0.1
24,18,0.07
25,23,0.2
25,10,0.2
25,22,0.2
25,14,0.2
25,21,0.1
26,7,0.05
26,2,0.2
26,12,0.2
26,21,0.07
27,5,0.2
27,19,0.2
27,26,0.07
27,8,0.07
28,5,0.05
28,7,0.2
28,14,0.1
28,6,0.05
29,24,0.05
29,6,0.2
29,21,0.1
29,8,0.2
29,14,0.05
30,26,0.05
30,17,0.07
30,19,0.1
30,4,0.1
30,7,0.1
31,11,0.05
31,9,0.2
32,8,0.07
32,12,0.07
32,25,0.1
33,23,0.07
33,7,0.1
34,8,0.07
34,10,0.1
34,17,0.2
35,18,0.05
35,20,0.05
35,5,0.2
35,21,0.07
35,22,0.07
36,9,0.07
36,5,0.05
36,3,0.2
37,16,0.05
38,7,0.05
38,23,0.07
38,25,0.2
38,10,0.1
38,24,0.07
39,22,0.2
39,16,0.2
39,3,0.05
39,15,0.1
40,17,0.2
40,8,0.2
41,5,0.1
41,19,0.2
41,26,0.2
42,19,0.05
43,13,0.1
43,12,0.05
44,7,0.1
44,16,0.05
45,4,0.2
45,22,0.07
45,21,0.05
46,17,0.1
47,6,0.05
47,15,0.1
47,25,0.07
47,13,0.2
48,11,0.1
48,4,0.2
48,5,0.1
48,14,0.07
49,13,0.07
50,3,0.05
50,26,0.07
50,13,0.2
51,13,0.05
51,20,0.05
51,26,0.2
52,25,0.07
53,8,0.2
53,23,0.05
53,14,0.2
53,25,0.1
54,26,0.2
54,3,0.2
55,21,0.05
55,25,0.2
55,15,0.2
56,20,0.07
57,23,0.1
57,19,0.2
57,13,0.07
58,14,0.05
58,18,0.07
58,23,0.1
59,21,0.05
59,2,0.1
59,17,0.1
60,14,0.05
60,4,0.1
60,15,0.07
60,22,0.2
61,25,0.1
61,15,0.05
61,5,0.2
62,14,0.07
62,8,0.1
62,22,0.1
63,25,0.1
63,19,0.05
63,3,0.1
64,25,0.1
64,22,0.2
64,23,0.2
64,24,0.1
65,12,0.1
66,2,0.2
66,23,0.07
66,12,0.07
67,23,0.2
67,12,0.1
67,21,0.2
67,5,0.1
67,19,0.2
68,13,0.07
68,17,0.1
69,22,0.1
69,5,0.2
69,10,0.05
70,3,0.05
70,18,0.2
70,20,0.05
71,26,0.05
71,24,0.2
71,18,0.1
72,17,0.07
72,12,0.05
72,13,0.1
73,22,0.07
73,26,0.05
73,3,0.07
73,25,0.07
73,23,0.2
74,16,0.05
74,6,0.07
75,3,0.1
75,7,0.07
75,15,0.2
76,12,0.05
76,11,0.1
76,5,0.07
77,20,0.07
77,24,0.1
77,26,0.2
77,25,0.2
78,17,0.07
78,19,0.2
78,18,0.1
78,14,0.1
79,9,0.1
79,17,0.05
79,6,0.1
79,25,0.07
80,26,0.1
80,24,0.1
80,17,0.2
81,10,0.2
81,23,0.05
81,25,0.05
82,25,0.1
82,11,0.2
83,20,0.2
83,3,0.05
84,23,0.07
84,15,0.07
85,4,0.05
85,18,0.07
86,9,0.1
86,23,0.07
86,21,0.2
86,15,0.1
87,20,0.2
87,23,0.1
88,10,0.07
88,8,0.1
88,7,0.1
89,5,0.05
89,6,0.1
90,3,0.1
90,6,0.07
91,11,0.1
91,25,0.05
91,15,0.07
91,13,0.07
92,8,0.1
93,22,0.07
93,17,0.05
93,21,0.1
93,2,0.2
93,10,0.07
94,12,0.05
94,4,0.2
94,11,0.2
94,21,0.07
95,10,0.2
95,19,0.1
95,8,0.2
95,20,0.05
96,26,0.1
96,23,0.05
97,20,0.2
97,2,0.07
97,6,0.2
97,19,0.1
98,19,0.07
98,21,0.1
98,2,0.2
98,22,0.2
99,13,0.2
99,21,0.2
99,25,0.05
99,7,0.07
99,23,0.2
100,12,0.05
100,11,0.1
100,7,0.2
100,16,0.2
100,24,0.1
101,12,0.2
102,15,0.05
102,22,0.07
103,17,0.07
103,3,0.05
103,18,0.2
103,15,0.1
103,9,0.1
104,19,0.1
104,26,0.05
105,11,0.2
105,3,0.05
105,9,0.05
106,17,0.1
106,13,0.1
107,19,0.2
107,13,0.1
108,11,0.1
108,22,0.07
108,16,0.05
109,22,0.1
109,6,0.07
110,14,0.1
111,14,0.1
111,12,0.07
112,23,0.2
112,25,0.07
112,24,0.05
112,5,0.2
113,12,0.07
113,24,0.1
113,6,0.07
113,23,0.2
113,5,0.2
114,12,0.05
114,2,0.07
114,13,0.1
115,22,0.2
115,19,0.1
116,26,0.05
117,22,0.2
117,26,0.05
117,14,0.2
117,19,0.05
118,18,0.07
118,4,0.07
118,6,0.07
118,3,0.1
118,23,0.07
119,25,0.05
120,13,0.05
120,6,0.05
120,10,0.05
120,17,0.05
120,16,0.2
121,5,0.2
121,14,0.1
121,4,0.1
121,24,0.07
121,2,0.05
122,16,0.1
123,12,0.1
124,16,0.05
124,4,0.07
124,7,0.05
125,17,0.1
126,9,0.05
127,17,0.07
127,20,0.1
127,4,0.07
128,24,0.1
128,16,0.1
128,4,0.2
128,3,0.2
129,18,0.1
129,9,0.1
130,26,0.05
130,5,0.07
131,22,0.2
131,4,0.07
131,24,0.1
132,2,0.05
132,20,0.05
132,9,0.1
133,13,0.05
133,22,0.2
134,19,0.1
134,2,0.07
134,18,0.07
135,5,0.05
135,18,0.05
135,25,0.2
135,2,0.05
136,7,0.2
136,3,0.05
137,23,0.07
137,22,0.1
138,16,0.1
138,6,0.2
139,19,0.07
139,3,0.07
140,15,0.2
140,21,0.2
140,12,0.2
140,3,0.05
141,18,0.2
142,16,0.1
142,11,0.1
142,19,0.07
143,6,0.2
144,8,0.05
145,11,0.2
145,9,0.1
146,3,0.2
146,12,0.1
146,20,0.1
146,6,0.05
146,2,0.07
147,26,0.2
148,14,0.05
149,12,0.07
149,21,0.07
150,7,0.1
150,3,0.2
150,17,0.07
150,25,0.07
151,17,0.1
151,26,0.1
152,6,0.2
152,22,0.2
152,16,0.07
153,16,0.07
153,8,0.07
153,15,0.05
154,12,0.1
155,8,0.1
156,18,0.2
156,17,0.05
156,6,0.07
157,4,0.1
157,7,0.07
158,24,0.1
159,13,0.2
160,21,0.07
160,15,0.07
160,18,0.1
160,11,0.05
161,24,0.07
161,22,0.05
161,7,0.05
162,18,0.07
162,21,0.07
162,3,0.1
163,12,0.1
163,18,0.2
164,4,0.05
164,10,0.05
164,14,0.1
165,4,0.05
165,23,0.2
165,2,0.05
166,10,0.1
166,11,0.2
167,12,0.05
167,10,0.2
167,13,0.05
167,7,0.05
168,6,0.1
168,11,0.07
168,12,0.07
168,22,0.2
169,20,0.1
169,5,0.05
169,10,0.2
169,11,0.2
169,14,0.05
170,12,0.1
170,24,0.05
170,7,0.2
170,18,0.05
171,8,0.05
172,23,0.07
172,16,0.2
173,14,0.05
173,16,0.2
173,20,0.05
174,22,0.2
174,19,0.1
175,5,0.1
175,2,0.2
175,21,0.1
175,19,0.07
176,2,0.07
176,11,0.2
176,16,0.05
177,20,0.1
178,10,0.2
178,12,0.05
178,3,0.1
178,18,0.07
179,13,0.05
179,26,0.1
179,18,0.2
179,12,0.2
179,20,0.1
180,16,0.07
181,10,0.05
181,11,0.1
181,15,0.2
181,24,0.05
182,25,0.05
182,24,0.07
183,11,0.2
183,12,0.05
183,19,0.07
183,17,0.07
184,4,0.2
184,5,0.1
184,14,0.1
185,20,0.1
185,8,0.05
186,4,0.1
186,6,0.1
187,5,0.05
188,7,0.07
189,16,0.2
190,24,0.05
190,15,0.2
190,3,0.2
191,25,0.05
191,12,0.2
191,3,0.07
191,8,0.05
191,23,0.05
192,8,0.1
192,25,0.07
192,2,0.05
192,24,0.07
192,10,0.2
193,12,0.1
194,21,0.2
195,18,0.2
195,14,0.05
195,5,0.2
195,4,0.2
195,21,0.1
196,6,0.05
196,3,0.07
196,10,0.07
196,12,0.07
196,20,0.1
197,4,0.2
197,2,0.07
198,6,0.05
198,20,0.07
198,8,0.2
198,13,0.05
198,17,0.05
199,25,0.05
199,18,0.07
199,4,0.2
200,23,0.05
200,22,0.07
201,24,0.05
201,7,0.2
201,14,0.1
201,17,0.05
202,8,0.07
202,17,0.05
202,15,0.05
202,25,0.05
203,26,0.05
203,3,0.1
203,17,0.2
203,19,0.07
204,6,0.07
204,17,0.1
205,22,0.05
205,24,0.1
206,25,0.05
206,20,0.2
207,12,0.2
207,5,0.05
207,11,0.07
207,7,0.1
208,6,0.05
208,4,0.07
208,3,0.05
208,12,0.2
208,10,0.05
209,13,0.1
210,14,0.07
210,13,0.2
211,10,0.07
211,2,0.07
212,16,0.07
212,12,0.2
212,19,0.1
212,7,0.2
213,13,0.1
214,21,0.1
215,19,0.07
215,12,0.1
216,22,0.1
216,16,0.05
217,18,0.1
217,10,0.1
217,17,0.07
218,2,0.1
218,13,0.07
218,12,0.05
219,26,0.05
219,5,0.2
220,6,0.05
220,25,0.07
220,22,0.1
220,3,0.2
221,11,0.07
222,10,0.1
222,2,0.1
223,7,0.05
223,5,0.2
223,21,0.1
223,20,0.05
223,15,0.05
224,6,0.07
224,11,0.1
224,10,0.2
224,25,0.05
225,21,0.1
225,9,0.1
226,2,0.05
227,3,0.05
227,15,0.1
228,25,0.2
228,2,0.07
228,23,0.1
228,4,0.2
228,22,0.05
229,25,0.2
229,5,0.1
229,8,0.2
230,11,0.07
231,8,0.07
231,14,0.2
231,5,0.2
232,18,0.07
232,11,0.05
232,26,0.07
232,8,0.1
233,14,0.1
233,16,0.1
233,12,0.2
233,15,0.07
234,11,0.2
234,17,0.05
234,12,0.1
234,7,0.05
234,23,0.1
235,6,0.07
235,13,0.05
235,7,0.05
236,3,0.07
236,2,0.1
236,4,0.1
237,15,0.2
237,24,0.07
237,20,0.2
237,26,0.05
238,20,0.2
238,25,0.07
238,13,0.2
238,22,0.05
238,7,0.07
239,16,0.1
239,21,0.05
239,18,0.07
239,4,0.07
240,9,0.07
240,8,0.07
240,5,0.07
240,18,0.07
241,7,0.2
242,3,0.2
243,25,0.05
243,19,0.07
243,7,0.05
244,19,0.07
244,25,0.2
244,22,0.1
245,10,0.05
245,8,0.1
246,17,0.2
247,25,0.07
247,3,0.2
248,13,0.1
248,26,0.1
248,17,0.1
248,9,0.2
249,7,0.05
249,18,0.05
249,22,0.1
250,17,0.05
250,11,0.1
251,23,0.2
251,22,0.05
252,11,0.1
252,4,0.07
252,19,0.1
253,11,0.07
254,6,0.07
254,3,0.05
254,12,0.05
255,5,0.1
255,14,0.2
255,2,0.2
255,21,0.07
256,11,0.1
256,21,0.05
257,8,0.07
257,13,0.2
257,10,0.1
257,15,0.1
258,8,0.05
258,4,0.07
258,19,0.07
258,18,0.05
259,26,0.05
259,6,0.1
259,2,0.2
259,4,0.1
260,23,0.2
260,10,0.2
260,24,0.2
261,16,0.05
261,14,0.1
261,17,0.1
262,2,0.07
262,9,0.05
263,9,0.07
263,3,0.2
263,2,0.05
264,10,0.2
264,24,0.05
264,15,0.1
264,3,0.07
265,9,0.2
266,6,0.07
266,19,0.2
266,25,0.05
267,22,0.2
267,23,0.1
267,24,0.1
267,7,0.07
267,21,0.05
268,7,0.05
268,6,0.2
268,9,0.1
269,5,0.07
269,23,0.07
269,18,0.05
269,3,0.05
270,25,0.2
270,15,0.1
271,11,0.07
271,6,0.05
271,13,0.1
271,7,0.1
272,2,0.07
272,11,0.07
273,21,0.1
274,11,0.05
274,25,0.1
274,9,0.07
275,18,0.05
275,25,0.1
275,7,0.05
276,3,0.2
276,17,0.05
276,9,0.07
277,20,0.2
277,6,0.2
277,13,0.1
278,16,0.2
278,19,0.07
278,13,0.07
278,11,0.07
279,25,0.07
280,25,0.07
280,26,0.07
280,13,0.07
281,22,0.07
281,14,0.1
281,7,0.07
282,20,0.07
282,7,0.07
282,3,0.05
282,16,0.07
283,9,0.05
283,16,0.2
284,24,0.2
284,20,0.2
285,16,0.05
285,12,0.05
285,2,0.1
286,26,0.2
286,21,0.07
286,16,0.1
286,7,0.1
287,5,0.2
287,10,0.05
287,2,0.05
287,20,0.05
288,4,0.2
288,10,0.1
288,7,0.05
289,13,0.07
289,24,0.2
289,17,0.2
290,2,0.07
290,5,0.07
290,21,0.1
291,6,0.05
291,21,0.07
292,18,0.1
292,4,0.07
292,10,0.05
293,19,0.05
293,6,0.2
294,18,0.2
294,14,0.2
294,7,0.05
294,25,0.2
295,22,0.07
296,25,0.07
296,12,0.1
296,11,0.1
296,9,0.2
297,4,0.2
298,23,0.2
298,6,0.05
298,22,0.2
298,9,0.07
298,14,0.1
299,11,0.05
299,10,0.2
300,16,0.1
300,9,0.1
300,10,0.1
300,11,0.2
301,6,0.05
301,22,0.1
302,24,0.2
302,18,0.07
302,2,0.2
303,8,0.05
303,24,0.05
304,10,0.05
304,7,0.1
304,20,0.1
305,10,0.07
305,6,0.1
305,3,0.2
306,10,0.2
306,22,0.07
307,15,0.05
308,7,0.1
308,18,0.2
308,14,0.2
309,3,0.05
309,12,0.05
310,7,0.07
310,14,0.1
310,5,0.2
310,8,0.2
311,17,0.05
311,5,0.2
312,24,0.05
312,14,0.07
312,16,0.05
313,4,0.07
313,10,0.07
314,5,0.07
314,9,0.05
314,22,0.2
314,7,0.07
315,11,0.2
315,9,0.1
316,2,0.2
316,16,0.1
316,20,0.1
316,19,0.2
316,17,0.05
317,10,0.2
317,22,0.05
317,15,0.05
317,13,0.2
318,13,0.1
318,25,0.2
318,9,0.05
319,11,0.07
319,21,0.2
319,15,0.1
319,23,0.05
320,2,0.1
321,4,0.2
321,12,0.2
321,26,0.2
321,23,0.2
322,13,0.2
322,21,0.07
323,13,0.07
323,26,0.1
324,2,0.1
324,17,0.2
324,22,0.2
324,19,0.05
324,12,0.05
325,7,0.05
325,12,0.2
325,6,0.2
326,12,0.1
326,23,0.07
327,12,0.07
327,13,0.07
327,4,0.05
328,6,0.1
329,14,0.07
329,8,0.05
329,23,0.2
329,17,0.07
329,26,0.05
330,21,0.05
331,17,0.1
332,18,0.05
333,18,0.07
333,8,0.05
333,3,0.2
334,16,0.2
334,9,0.05
334,3,0.05
335,6,0.1
335,2,0.1
335,21,0.07
336,4,0.1
336,12,0.2
337,18,0.05
337,4,0.05
338,6,0.07
338,10,0.07
338,22,0.1
338,11,0.07
338,9,0.05
339,13,0.1
339,15,0.05
340,11,0.05
340,24,0.05
340,13,0.1
340,12,0.07
340,10,0.1
341,23,0.05
342,26,0.07
342,9,0.2
342,16,0.1
343,20,0.2
343,25,0.05
343,5,0.05
343,10,0.1
344,22,0.05
344,18,0.07
344,14,0.2
345,18,0.1
345,24,0.07
346,13,0.07
346,23,0.2
346,21,0.1
346,15,0.05
346,18,0.05
347,23,0.07
348,5,0.05
348,15,0.07
349,20,0.2
350,6,0.05
350,20,0.07
350,3,0.07
351,4,0.05
351,24,0.1
351,20,0.2
351,22,0.07
352,11,0.2
352,14,0.2
353,2,0.2
354,21,0.2
354,19,0.05
355,16,0.1
355,14,0.07
356,23,0.05
356,4,0.05
356,13,0.05
357,17,0.05
357,21,0.07
357,24,0.07
357,9,0.05
358,21,0.1
358,6,0.07
358,8,0.05
358,18,0.1
359,15,0.07
359,9,0.07
359,7,0.2
360,26,0.05
360,7,0.2
360,13,0.05
360,25,0.1
361,24,0.05
361,6,0.1
361,11,0.1
362,2,0.07
363,21,0.1
363,14,0.07
363,15,0.1
363,20,0.2
364,25,0.05
365,24,0.07
366,21,0.1
366,4,0.07
366,16,0.2
367,26,0.1
367,14,0.05
367,10,0.05
368,5,0.2
368,10,0.2
368,21,0.1
368,19,0.05
369,10,0.07
370,25,0.05
370,4,0.1
371,14,0.2
371,12,0.2
372,11,0.05
372,14,0.1
372,5,0.1
373,8,0.05
373,22,0.1
373,19,0.2
373,12,0.1
373,13,0.1
374,10,0.1
374,7,0.07
375,21,0.05
375,2,0.05
375,4,0.07
375,12,0.05
376,2,0.07
376,23,0.1
377,8,0.05
377,14,0.07
378,26,0.05
379,9,0.07
379,16,0.2
380,16,0.05
380,11,0.05
381,21,0.07
382,8,0.1
382,9,0.1
382,13,0.07
383,19,0.07
383,22,0.05
383,13,0.1
383,21,0.05
383,14,0.1
384,20,0.1
384,21,0.2
384,8,0.05
384,15,0.1
384,4,0.2
385,21,0.07
385,7,0.2
385,26,0.05
386,8,0.2
386,3,0.05
386,16,0.2
387,18,0.2
388,19,0.2
388,13,0.07
388,2,0.07
388,11,0.1
389,2,0.07
389,15,0.07
389,10,0.05
389,5,0.05
389,9,0.2
390,23,0.05
390,7,0.07
390,9,0.05
391,8,0.07
391,5,0.2
391,24,0.07
392,14,0.1
392,3,0.05
393,6,0.2
394,23,0.05
394,16,0.2
394,14,0.2
395,14,0.05
396,12,0.1
396,25,0.05
396,5,0.2
397,7,0.05
398,8,0.05
398,18,0.05
398,25,0.2
398,17,0.05
399,25,0.05
399,11,0.05
399,14,0.1
400,24,0.07
400,9,0.2
400,3,0.2
401,23,0.2
401,10,0.2
402,6,0.07
402,5,0.07
402,26,0.05
403,12,0.1
403,7,0.2
403,22,0.05
403,24,0.2
404,9,0.07
404,25,0.05
404,16,0.2
405,3,0.2
405,10,0.1
405,14,0.07
406,4,0.2
407,20,0.2
407,5,0.05
408,18,0.2
408,3,0.07
408,2,0.07
408,17,0.2
409,15,0.07
409,16,0.2
409,21,0.05
410,25,0.1
410,9,0.05
410,24,0.1
411,2,0.07
411,26,0.05
412,7,0.1
412,24,0.07
412,17,0.1
413,8,0.05
413,25,0.1
413,9,0.07
414,4,0.1
415,3,0.07
415,23,0.2
415,5,0.2
415,6,0.05
416,22,0.07
416,14,0.07
416,24,0.1
417,26,0.07
417,6,0.07
418,12,0.05
418,20,0.05
419,9,0.05
420,17,0.2
420,15,0.1
420,3,0.05
421,6,0.07
421,3,0.2
421,20,0.2
421,4,0.07
421,23,0.2
422,20,0.05
423,8,0.05
423,17,0.2
423,23,0.07
423,2,0.2
424,22,0.1
424,6,0.05
425,6,0.1
425,21,0.07
425,19,0.05
426,10,0.1
426,23,0.05
427,12,0.07
427,15,0.1
427,26,0.07
428,5,0.2
428,14,0.2
429,11,0.2
429,4,0.1
429,5,0.05
429,6,0.07
429,2,0.1
430,22,0.1
430,11,0.07
430,4,0.2
430,13,0.2
430,8,0.2
431,14,0.2
431,6,0.1
431,18,0.2
431,13,0.07
431,19,0.07
432,10,0.2
432,7,0.05
433,6,0.1
433,10,0.2
433,24,0.1
433,4,0.2
434,21,0.05
434,20,0.1
434,9,0.2
434,11,0.07
434,18,0.05
435,22,0.05
435,9,0.05
435,18,0.05
436,3,0.05
436,23,0.2
437,3,0.05
437,10,0.05
437,8,0.05
438,4,0.07
438,22,0.1
438,8,0.05
438,13,0.05
439,6,0.07
439,7,0.05
440,19,0.07
440,4,0.07
441,12,0.07
441,15,0.1
442,16,0.07
442,26,0.2
442,6,0.2
443,5,0.05
443,26,0.2
444,22,0.07
444,15,0.07
444,20,0.05
444,16,0.1
444,10,0.2
445,7,0.2
445,16,0.07
445,23,0.2
446,22,0.2
446,16,0.07
447,4,0.05
447,3,0.1
447,8,0.07
448,13,0.05
448,6,0.05
449,17,0.05
449,2,0.05
449,7,0.07
449,26,0.2
450,24,0.05
450,12,0.07
450,5,0.1
451,14,0.05
452,11,0.05
452,16,0.05
452,7,0.1
452,8,0.1
453,23,0.05
453,20,0.2
453,4,0.2
454,25,0.07
454,13,0.05
454,24,0.1
455,9,0.05
456,17,0.07
456,23,0.07
457,24,0.07
457,2,0.05
457,7,0.1
457,17,0.2
458,2,0.2
458,21,0.07
458,11,0.1
458,24,0.2
458,3,0.2
459,11,0.2
460,19,0.05
460,18,0.07
460,4,0.2
460,22,0.1
461,16,0.07
461,4,0.2
461,8,0.05
461,24,0.1
461,18,0.1
462,12,0.1
463,13,0.07
464,7,0.1
465,6,0.1
465,25,0.1
466,19,0.2
466,6,0.2
466,7,0.05
466,15,0.1
466,5,0.1
467,19,0.07
467,10,0.07
467,22,0.1
467,17,0.07
467,11,0.1
468,19,0.1
468,9,0.05
468,10,0.05
468,25,0.1
469,8,0.1
469,4,0.07
469,15,0.2
470,18,0.05
470,13,0.05
470,8,0.2
471,14,0.2
471,13,0.05
472,15,0.1
472,21,0.1
473,26,0.07
474,19,0.05
474,11,0.2
475,17,0.07
475,26,0.2
475,25,0.2
476,22,0.07
476,4,0.2
476,11,0.07
476,20,0.05
477,6,0.1
477,10,0.05
478,21,0.07
479,26,0.07
479,12,0.05
479,21,0.2
479,7,0.05
479,10,0.2
480,4,0.05
480,15,0.05
480,23,0.07
481,13,0.2
481,16,0.07
481,9,0.1
482,13,0.2
482,14,0.1
483,17,0.07
484,8,0.1
484,24,0.05
484,9,0.05
484,6,0.2
485,13,0.1
485,26,0.05
486,9,0.07
486,23,0.05
487,6,0.2
488,13,0.07
488,23,0.05
488,22,0.05
489,8,0.1
490,12,0.1
490,23,0.05
490,14,0.1
490,13,0.07
491,9,0.2
491,21,0.05
491,15,0.05
492,6,0.1
492,22,0.1
492,26,0.05
493,15,0.05
493,18,0.05
493,26,0.05
494,23,0.1
495,22,0.2
495,9,0.05
496,23,0.2
496,13,0.1
496,21,0.2
497,25,0.07
498,24,0.07
498,21,0.1
498,10,0.07
499,11,0.2
499,15,0.07
499,14,0.2
499,20,0.1
500,12,0.05
500,14,0.2
501,19,0.05
501,8,0.07
501,14,0.1
501,23,0.07
502,13,0.05
503,13,0.07
503,10,0.05
504,24,0.1
504,2,0.05
505,26,0.2
506,25,0.1
506,7,0.07
507,11,0.05
507,13,0.07
507,20,0.1
508,8,0.05
508,2,0.05
508,10,0.05
508,25,0.07
509,23,0.2
509,4,0.05
510,17,0.1
511,22,0.05
511,13,0.1
512,21,0.07
513,7,0.07
513,13,0.2
513,23,0.07
514,18,0.2
514,17,0.07
515,8,0.07
515,5,0.1
515,25,0.07
515,6,0.2
516,7,0.05
516,5,0.1
517,21,0.07
518,16,0.2
518,5,0.05
518,25,0.05
518,15,0.2
518,11,0.07
519,6,0.07
519,16,0.1
519,23,0.05
519,18,0.2
519,7,0.05
520,26,0.1
520,24,0.2
520,10,0.07
521,5,0.2
521,14,0.2
522,4,0.07
522,22,0.07
522,21,0.05
523,12,0.2
523,20,0.05
523,5,0.1
523,16,0.07
524,11,0.07
524,2,0.05
524,9,0.2
524,3,0.07
524,26,0.05
525,9,0.07
525,6,0.07
525,10,0.1
526,3,0.1
526,8,0.1
526,21,0.05
526,15,0.07
527,18,0.07
527,4,0.2
527,19,0.1
527,9,0.2
528,21,0.05
529,12,0.07
530,2,0.05
530,4,0.07
530,6,0.2
531,6,0.2
531,12,0.2
531,25,0.07
532,17,0.07
532,16,0.2
532,12,0.1
533,4,0.2
533,12,0.1
533,10,0.2
533,25,0.05
534,21,0.05
534,9,0.05
534,2,0.07
534,24,0.1
535,24,0.05
535,15,0.1
535,22,0.1
536,22,0.1
536,2,0.1
536,12,0.05
536,14,0.07
537,10,0.05
537,26,0.05
537,17,0.1
537,25,0.2
538,2,0.2
539,9,0.1
539,23,0.05
539,21,0.07
540,19,0.1
540,26,0.1
540,23,0.07
541,22,0.05
542,16,0.2
542,9,0.1
542,20,0.1
542,19,0.2
543,25,0.2
543,18,0.2
543,26,0.05
544,12,0.05
544,17,0.1
544,21,0.05
545,25,0.2
545,6,0.07
545,24,0.2
545,20,0.07
546,17,0.05
546,8,0.1
546,18,0.07
547,11,0.05
547,9,0.2
547,5,0.1
548,8,0.1
548,11,0.07
549,15,0.07
549,16,0.05
549,3,0.07
549,7,0.05
549,13,0.1
550,4,0.05
551,16,0.05
551,26,0.07
551,11,0.2
551,15,0.2
552,23,0.2
552,2,0.2
552,24,0.2
552,18,0.1
552,19,0.2
553,24,0.1
553,18,0.07
553,12,0.07
554,3,0.07
554,22,0.05
554,4,0.2
555,8,0.2
555,7,0.1
555,20,0.07
556,16,0.1
556,4,0.2
557,9,0.1
557,10,0.1
558,7,0.07
558,16,0.07
558,9,0.1
558,21,0.05
558,10,0.07
559,15,0.1
559,6,0.1
559,7,0.07
560,16,0.05
560,26,0.1
561,15,0.05
561,18,0.05
561,5,0.05
561,17,0.07
562,25,0.07
562,26,0.05
563,6,0.1
563,19,0.05
563,13,0.1
564,4,0.2
564,15,0.2
565,18,0.2
565,25,0.1
565,9,0.05
565,17,0.1
566,24,0.07
566,7,0.2
566,8,0.1
566,21,0.2
567,9,0.2
567,5,0.07
568,5,0.05
568,10,0.05
569,16,0.05
569,24,0.1
570,18,0.07
570,24,0.1
570,3,0.2
570,11,0.1
570,16,0.05
571,4,0.05
571,9,0.1
572,3,0.05
572,13,0.1
572,11,0.2
573,2,0.2
574,26,0.05
574,13,0.1
574,12,0.1
574,23,0.1
574,11,0.05
575,4,0.07
575,12,0.2
576,9,0.1
577,3,0.2
578,21,0.07
578,25,0.2
578,18,0.05
578,8,0.2
579,7,0.05
579,6,0.2
580,16,0.2
580,15,0.07
580,21,0.2
580,9,0.07
580,19,0.2
581,8,0.07
582,10,0.2
582,17,0.07
583,15,0.2
584,19,0.07
584,23,0.07
584,15,0.1
584,22,0.05
584,8,0.07
585,10,0.2
585,18,0.2
585,15,0.05
585,12,0.07
586,11,0.1
586,23,0.2
587,24,0.05
587,23,0.05
587,18,0.05
587,21,0.2
588,10,0.07
588,23,0.2
589,15,0.05
590,2,0.1
590,20,0.07
590,8,0.05
590,5,0.1
590,24,0.1
591,16,0.05
591,25,0.05
591,2,0.1
592,21,0.1
592,16,0.05
592,18,0.07
593,3,0.1
593,25,0.07
594,26,0.1
594,21,0.05
595,4,0.07
595,19,0.07
595,3,0.07
595,10,0.07
595,26,0.05
596,5,0.05
596,23,0.1
596,9,0.05
597,17,0.2
597,8,0.07
598,4,0.05
598,16,0.07
598,14,0.1
599,9,0.05
599,22,0.2
599,23,0.07
599,10,0.1
600,26,0.07
600,4,0.2
600,18,0.07
601,12,0.2
602,15,0.05
602,5,0.07
603,12,0.07
603,4,0.1
604,10,0.07
604,9,0.2
605,19,0.07
605,25,0.05
605,13,0.2
605,11,0.2
606,6,0.2
606,18,0.05
607,11,0.2
607,26,0.2
607,14,0.07
608,4,0.2
608,7,0.1
608,24,0.1
609,10,0.07
609,7,0.1
609,22,0.1
609,5,0.1
610,26,0.1
610,24,0.07
610,18,0.07
610,3,0.07
610,8,0.1
611,16,0.07
612,13,0.1
612,14,0.1
612,17,0.07
612,20,0.2
613,9,0.1
613,18,0.05
613,12,0.07
614,18,0.1
614,21,0.05
615,11,0.07
615,23,0.05
615,6,0.1
615,19,0.1
616,24,0.2
616,16,0.2
617,15,0.2
617,11,0.07
618,17,0.1
618,11,0.07
619,25,0.07
620,5,0.2
621,17,0.07
622,9,0.07
622,18,0.1
622,10,0.2
622,25,0.07
623,8,0.07
624,21,0.05
624,16,0.07
624,22,0.07
624,14,0.2
625,17,0.07
625,11,0.2
625,26,0.07
625,23,0.1
626,15,0.2
627,19,0.07
627,9,0.2
627,26,0.07
628,15,0.1
629,19,0.05
629,5,0.05
629,23,0.1
629,14,0.05
629,6,0.1
630,5,0.05
630,25,0.1
630,18,0.1
630,21,0.07
631,24,0.07
631,15,0.07
632,25,0.2
632,11,0.1
632,15,0.07
632,6,0.05
632,22,0.1
633,12,0.05
633,13,0.2
633,5,0.2
633,10,0.2
634,4,0.05
634,12,0.1
635,4,0.05
636,85,0.2
637,9,0.1
637,106,0.1
638,103,0.05
638,56,0.2
638,53,0.05
639,15,0.07
639,73,0.05
639,72,0.05
639,61,0.1
640,106,0.05
640,32,0.07
640,30,0.07
640,76,0.07
640,109,0.2
641,15,0.05
641,62,0.2
641,64,0.2
642,68,0.07
643,53,0.05
644,9,0.07
645,99,0.07
645,42,0.05
645,6,0.05
645,47,0.07
645,21,0.07
646,15,0.2
646,4,0.07
646,95,0.05
646,12,0.2
647,25,0.07
647,13,0.1
648,24,0.07
649,97,0.1
649,90,0.07
649,11,0.1
649,78,0.05
650,3,0.2
651,79,0.1
651,85,0.05
651,102,0.05
651,94,0.05
652,102,0.1
652,62,0.2
652,67,0.2
652,23,0.1
652,74,0.05
653,6,0.07
653,43,0.1
653,2,0.1
653,80,0.2
653,88,0.07
654,9,0.1
654,95,0.1
654,110,0.07
654,97,0.07
655,67,0.1
656,83,0.1
656,22,0.07
656,33,0.05
657,52,0.05
657,54,0.05
658,49,0.2
658,29,0.05
658,9,0.05
659,42,0.05
659,39,0.07
659,70,0.05
659,61,0.07
660,30,0.2
660,59,0.07
660,47,0.05
660,29,0.2
661,63,0.07
661,22,0.05
662,55,0.1
662,95,0.2
662,102,0.07
662,22,0.07
662,106,0.07
663,41,0.05
663,17,0.2
663,94,0.05
663,71,0.07
663,106,0.2
664,52,0.07
664,5,0.07
664,50,0.2
664,101,0.2
664,47,0.07
665,58,0.07
665,42,0.2
665,25,0.05
666,98,0.2
666,39,0.05
667,79,0.2
667,84,0.1
667,3,0.2
667,99,0.1
667,85,0.05
668,48,0.05
668,19,0.1
669,16,0.07
669,72,0.07
670,108,0.1
670,28,0.07
670,104,0.2
670,45,0.05
671,30,0.05
671,69,0.05
671,55,0.2
671,4,0.07
671,109,0.07
672,51,0.07
672,96,0.2
672,48,0.07
673,66,0.2
673,38,0.2
673,5,0.07
673,13,0.1
674,26,0.2
675,17,0.05
675,89,0.05
675,19,0.07
675,32,0.2
676,70,0.2
676,104,0.07
676,24,0.1
676,29,0.2
677,75,0.07
677,7,0.07
677,105,0.07
677,91,0.05
677,54,0.1
678,52,0.05
678,37,0.07
679,15,0.2
679,83,0.05
680,81,0.05
680,7,0.2
680,50,0.07
681,82,0.05
681,63,0.07
681,61,0.2
681,6,0.05
681,30,0.07
682,39,0.2
682,60,0.2
682,99,0.2
683,2,0.1
684,56,0.07
684,33,0.1
685,59,0.05
685,48,0.05
685,107,0.05
685,98,0.2
685,56,0.05
686,16,0.2
686,30,0.1
686,88,0.2
686,19,0.2
686,104,0.2
687,48,0.05
687,95,0.07
687,5,0.2
687,83,0.07
688,8,0.1
688,88,0.05
689,33,0.1
690,84,0.2
690,11,0.07
690,85,0.05
690,109,0.2
691,23,0.05
691,5,0.1
691,55,0.2
691,20,0.2
692,59,0.2
692,75,0.07
692,15,0.07
692,56,0.1
693,104,0.2
693,13,0.2
693,5,0.05
693,31,0.07
694,48,0.2
694,39,0.05
694,55,0.1
694,103,0.2
694,45,0.1
695,82,0.1
695,57,0.2
696,88,0.07
696,7,0.1
696,45,0.07
697,5,0.05
698,96,0.07
698,12,0.07
698,40,0.05
699,106,0.1
699,48,0.07
699,31,0.2
699,24,0.1
699,82,0.2
700,7,0.05
700,63,0.2
701,84,0.05
702,25,0.05
702,104,0.1
702,3,0.07
703,45,0.2
703,66,0.05
703,72,0.2
703,4,0.2
704,10,0.05
704,62,0.2
704,100,0.07
705,61,0.1
706,27,0.1
706,23,0.05
706,60,0.2
707,106,0.05
707,100,0.07
707,11,0.1
707,26,0.1
708,6,0.07
708,47,0.1
708,34,0.2
709,55,0.05
709,101,0.07
709,48,0.07
710,42,0.05
710,60,0.2
710,39,0.2
710,57,0.2
710,28,0.05
711,5,0.05
711,95,0.2
711,72,0.05
712,44,0.2
712,74,0.1
712,35,0.2
712,76,0.2
712,4,0.05
713,93,0.2
713,97,0.1
713,53,0.07
713,108,0.07
714,92,0.2
715,61,0.1
715,50,0.2
716,111,0.1
716,93,0.07
716,79,0.1
716,4,0.05
717,56,0.05
717,93,0.2
718,92,0.07
718,40,0.07
718,64,0.1
719,100,0.2
720,111,0.07
720,6,0.1
721,45,0.07
721,102,0.1
721,73,0.05
721,33,0.2
722,22,0.07
722,3,0.05
722,104,0.1
723,24,0.07
723,16,0.05
723,108,0.07
724,23,0.05
724,75,0.2
724,102,0.05
724,55,0.2
725,90,0.1
725,91,0.05
725,77,0.07
725,62,0.1
726,64,0.2
727,78,0.07
727,82,0.05
728,70,0.05
728,56,0.1
728,91,0.1
728,58,0.07
729,101,0.1
730,59,0.05
730,79,0.1
730,96,0.07
730,13,0.1
731,91,0.05
731,49,0.2
731,67,0.2
731,29,0.2
732,47,0.07
732,4,0.07
733,84,0.05
733,55,0.2
733,102,0.1
734,26,0.2
734,3,0.05
734,84,0.2
734,65,0.1
735,71,0.1
735,10,0.07
736,56,0.05
736,17,0.1
736,62,0.2
737,52,0.05
737,19,0.07
737,77,0.07
737,34,0.2
738,82,0.07
738,38,0.2
738,25,0.1
738,63,0.07
739,3,0.2
740,81,0.05
740,94,0.2
740,11,0.2
740,19,0.2
740,12,0.07
741,58,0.05
741,76,0.07
741,21,0.07
741,56,0.05
742,107,0.05
742,45,0.07
743,80,0.05
744,33,0.2
745,95,0.05
745,22,0.2
745,78,0.1
746,99,0.1
747,110,0.07
747,86,0.2
747,33,0.1
747,81,0.07
748,16,0.1
748,83,0.05
748,41,0.07
748,35,0.2
749,9,0.2
749,28,0.05
749,79,0.2
749,24,0.05
749,40,0.07
750,72,0.05
750,78,0.1
751,45,0.05
752,12,0.05
752,31,0.05
753,105,0.07
753,7,0.2
753,36,0.1
753,95,0.07
753,66,0.2
754,74,0.07
754,12,0.07
754,3,0.05
754,67,0.05
754,7,0.2
755,80,0.07
755,43,0.05
755,57,0.1
756,64,0.1
756,17,0.05
757,95,0.1
758,22,0.07
758,99,0.1
758,27,0.07
758,65,0.07
758,109,0.2
759,93,0.05
759,78,0.07
760,21,0.07
760,29,0.07
761,43,0.07
761,52,0.2
762,102,0.05
763,90,0.07
763,103,0.1
764,55,0.07
764,95,0.05
764,81,0.07
765,28,0.2
765,12,0.07
765,25,0.2
765,53,0.2
765,65,0.05
766,111,0.2
767,63,0.1
767,29,0.07
767,41,0.05
767,77,0.05
768,31,0.2
768,76,0.2
769,8,0.1
769,6,0.05
769,36,0.07
770,110,0.05
770,42,0.2
770,103,0.2
770,11,0.05
771,13,0.2
771,88,0.2
772,103,0.07
773,92,0.1
773,14,0.05
773,17,0.2
773,33,0.07
774,65,0.05
774,36,0.05
774,20,0.2
774,73,0.05
774,58,0.1
775,39,0.07
776,28,0.2
776,42,0.2
776,71,0.1
776,35,0.1
777,5,0.2
777,7,0.2
777,2,0.2
778,64,0.1
778,85,0.05
779,101,0.05
779,90,0.2
779,47,0.2
779,8,0.2
779,85,0.2
780,32,0.1
781,109,0.05
781,7,0.2
781,57,0.1
782,20,0.07
782,57,0.07
782,99,0.07
782,16,0.2
783,92,0.2
783,22,0.05
783,94,0.05
783,29,0.1
784,22,0.07
784,72,0.1
784,16,0.2
785,59,0.2
785,40,0.07
785,25,0.07
786,80,0.05
787,51,0.07
787,66,0.1
788,48,0.2
788,19,0.1
788,13,0.05
789,100,0.2
789,93,0.07
790,62,0.07
790,91,0.1
791,54,0.2
791,25,0.07
792,16,0.2
792,39,0.2
792,56,0.2
792,30,0.05
792,2,0.2
793,60,0.05
793,95,0.05
793,75,0.05
794,41,0.05
794,68,0.2
794,17,0.07
794,28,0.1
795,95,0.05
795,99,0.05
796,6,0.2
797,11,0.07
797,69,0.05
797,74,0.1
797,54,0.05
797,62,0.1
798,23,0.1
798,90,0.05
798,91,0.07
798,42,0.2
798,26,0.05
799,5,0.1
799,34,0.05
799,29,0.07
799,63,0.1
799,58,0.07
800,65,0.1
800,54,0.07
800,6,0.05
800,52,0.1
800,95,0.05
801,101,0.07
802,30,0.05
802,36,0.2
802,40,0.1
802,28,0.05
803,111,0.07
803,52,0.05
803,102,0.07
803,83,0.05
804,89,0.2
804,53,0.07
804,50,0.05
805,24,0.05
805,33,0.2
805,62,0.2
805,32,0.07
805,6,0.05
806,93,0.1
806,97,0.2
806,77,0.1
806,82,0.2
806,91,0.07
807,21,0.2
807,6,0.07
807,3,0.07
807,9,0.2
807,16,0.2
808,96,0.05
808,18,0.05
808,85,0.05
808,19,0.05
809,78,0.1
809,26,0.2
809,92,0.1
810,103,0.05
810,100,0.2
810,56,0.05
810,22,0.2
811,45,0.07
811,54,0.2
811,70,0.07
811,66,0.1
812,76,0.1
812,40,0.2
813,96,0.1
813,85,0.2
813,33,0.2
813,26,0.07
813,71,0.05
814,69,0.1
814,100,0.1
814,65,0.2
814,83,0.05
815,105,0.2
815,102,0.2
815,87,0.1
815,23,0.07
816,75,0.1
816,64,0.2
817,85,0.05
817,105,0.07
817,48,0.05
818,103,0.05
818,44,0.07
818,19,0.05
818,48,0.05
819,94,0.2
820,107,0.05
821,102,0.07
821,70,0.2
821,6,0.2
821,107,0.05
822,53,0.05
822,72,0.2
823,56,0.07
823,86,0.2
823,81,0.2
824,92,0.1
825,19,0.1
825,30,0.2
826,45,0.2
826,36,0.1
827,43,0.05
827,41,0.2
827,28,0.2
827,108,0.2
828,25,0.2
828,24,0.2
828,55,0.07
829,103,0.2
829,105,0.1
830,85,0.2
830,100,0.07
830,96,0.2
831,67,0.2
831,11,0.2
831,68,0.1
832,54,0.05
832,45,0.2
832,27,0.07
832,16,0.1
833,20,0.05
834,54,0.07
834,21,0.05
834,78,0.2
835,65,0.07
835,82,0.2
835,2,0.05
836,108,0.2
837,51,0.05
837,97,0.1
837,87,0.2
838,28,0.1
838,10,0.1
838,100,0.05
838,65,0.07
839,55,0.07
839,85,0.1
839,58,0.05
840,27,0.07
840,43,0.07
840,106,0.2
841,22,0.1
841,9,0.2
841,11,0.2
841,90,0.07
841,100,0.1
842,81,0.07
842,42,0.1
843,72,0.1
843,75,0.1
843,81,0.1
843,23,0.07
844,79,0.07
844,12,0.1
844,83,0.2
844,48,0.2
844,63,0.05
845,16,0.2
845,75,0.2
845,26,0.05
845,73,0.2
845,88,0.05
846,46,0.05
846,47,0.07
846,71,0.1
846,72,0.05
846,103,0.07
847,61,0.05
848,93,0.07
848,100,0.2
848,88,0.2
848,41,0.07
849,109,0.2
850,101,0.07
850,5,0.07
850,37,0.07
851,30,0.2
851,93,0.05
852,46,0.07
853,99,0.05
853,58,0.2
853,42,0.2
853,45,0.2
853,6,0.05
854,87,0.1
855,18,0.1
855,93,0.2
855,89,0.2
856,38,0.05
857,29,0.2
858,45,0.2
858,5,0.2
858,14,0.07
858,73,0.07
859,38,0.07
859,13,0.1
859,14,0.1
859,71,0.1
859,36,0.1
860,6,0.05
860,24,0.2
860,25,0.2
860,58,0.07
860,95,0.05
861,14,0.07
861,62,0.2
862,85,0.05
862,99,0.2
862,49,0.07
863,93,0.1
864,37,0.1
864,65,0.05
864,13,0.2
865,109,0.1
865,34,0.05
866,88,0.2
866,67,0.07
866,80,0.07
866,13,0.07
867,101,0.05
868,46,0.07
869,7,0.2
869,106,0.05
869,33,0.05
869,55,0.05
869,65,0.2
870,63,0.07
871,106,0.2
871,38,0.1
871,30,0.2
871,107,0.05
872,62,0.07
872,53,0.1
873,32,0.1
874,56,0.05
874,27,0.05
874,73,0.1
874,77,0.07
875,5,0.1
875,15,0.05
875,14,0.07
875,111,0.2
876,17,0.2
876,66,0.2
876,96,0.07
876,107,0.05
877,73,0.07
877,103,0.1
878,103,0.2
878,13,0.1
878,6,0.2
878,18,0.05
879,100,0.2
879,2,0.07
879,83,0.2
879,82,0.07
880,28,0.2
880,95,0.1
880,5,0.07
880,26,0.1
880,66,0.2
881,98,0.07
881,50,0.2
881,64,0.05
881,67,0.1
882,63,0.07
882,108,0.2
882,57,0.07
883,44,0.05
883,5,0.05
884,49,0.05
884,69,0.07
884,46,0.2
884,10,0.1
884,21,0.05
885,106,0.07
885,43,0.1
886,47,0.05
886,30,0.05
887,50,0.05
887,70,0.1
888,33,0.1
888,26,0.2
889,12,0.1
890,16,0.1
890,105,0.1
890,52,0.05
890,67,0.1
890,65,0.1
891,107,0.1
891,32,0.05
891,35,0.1
891,50,0.1
892,36,0.1
892,9,0.2
892,50,0.07
892,88,0.05
893,67,0.05
893,45,0.07
894,101,0.2
895,106,0.07
896,91,0.05
896,10,0.05
897,105,0.05
897,96,0.05
898,45,0.2
898,16,0.07
898,57,0.2
898,69,0.07
899,59,0.1
899,17,0.1
899,6,0.2
900,26,0.05
900,108,0.07
900,89,0.2
900,61,0.05
900,28,0.07
901,50,0.2
901,43,0.07
902,38,0.07
902,92,0.07
902,12,0.2
902,76,0.05
903,31,0.07
903,48,0.05
904,36,0.1
904,51,0.07
904,92,0.2
904,13,0.2
905,67,0.1
905,62,0.05
905,42,0.2
905,20,0.2
906,23,0.2
906,28,0.07
906,46,0.05
906,102,0.1
906,22,0.2
907,84,0.07
907,65,0.07
908,41,0.2
908,94,0.1
908,102,0.1
909,5,0.2
910,23,0.1
911,66,0.05
911,106,0.05
911,91,0.05
911,49,0.2
912,22,0.2
912,71,0.05
912,101,0.05
912,2,0.2
913,90,0.1
913,24,0.05
914,38,0.07
914,20,0.2
914,106,0.05
914,46,0.1
915,64,0.05
915,48,0.07
915,42,0.2
915,2,0.07
916,92,0.2
917,41,0.07
918,91,0.2
918,31,0.1
918,4,0.07
919,7,0.07
919,44,0.1
920,76,0.05
920,39,0.07
920,78,0.05
920,80,0.07
921,77,0.2
921,75,0.07
921,48,0.1
922,68,0.2
922,73,0.2
922,86,0.1
923,74,0.05
923,6,0.1
924,97,0.2
924,36,0.2
925,97,0.07
925,62,0.2
926,37,0.2
927,74,0.1
927,16,0.2
927,50,0.1
927,3,0.1
927,43,0.07
928,71,0.05
928,83,0.2
929,82,0.2
929,63,0.1
929,24,0.05
930,56,0.07
930,82,0.07
930,60,0.1
930,65,0.05
930,51,0.1
931,49,0.07
931,76,0.2
932,74,0.05
933,77,0.07
933,21,0.2
933,75,0.05
934,35,0.05
934,48,0.05
934,18,0.1
934,61,0.07
934,56,0.2
935,65,0.2
935,76,0.07
935,6,0.07
935,38,0.07
936,70,0.1
936,44,0.07
937,108,0.1
937,51,0.07
937,58,0.07
937,28,0.07
937,66,0.2
938,4,0.05
938,13,0.05
939,5,0.1
939,107,0.2
940,75,0.2
941,25,0.1
941,102,0.05
941,11,0.07
942,98,0.05
942,110,0.1
942,35,0.07
942,103,0.05
942,100,0.05
943,25,0.2
943,82,0.2
944,29,0.07
944,16,0.1
944,70,0.2
944,85,0.2
944,69,0.07
945,105,0.05
945,94,0.2
945,34,0.05
945,44,0.1
945,50,0.05
946,7,0.1
946,85,0.2
946,62,0.05
946,22,0.2
946,56,0.07
947,32,0.05
947,42,0.07
947,44,0.07
948,23,0.2
948,20,0.1
948,101,0.2
948,92,0.2
948,72,0.2
949,9,0.1
949,55,0.05
950,56,0.05
951,59,0.1
951,43,0.1
951,62,0.2
952,20,0.07
952,57,0.05
953,23,0.07
954,4,0.1
955,43,0.1
955,31,0.07
955,96,0.05
955,63,0.2
955,88,0.05
956,76,0.1
956,23,0.2
956,73,0.1
956,13,0.2
956,79,0.1
957,108,0.05
957,14,0.07
957,70,0.05
957,66,0.07
957,111,0.05
958,51,0.1
958,76,0.2
959,15,0.2
959,72,0.1
959,41,0.05
959,65,0.07
960,73,0.05
960,52,0.1
960,48,0.05
960,83,0.1
961,105,0.1
961,47,0.2
961,65,0.07
962,65,0.07
962,64,0.07
963,4,0.07
964,90,0.2
964,74,0.2
965,90,0.1
966,88,0.05
966,73,0.07
967,66,0.2
967,77,0.05
967,87,0.1
967,103,0.2
968,87,0.2
968,61,0.05
968,10,0.05
969,74,0.2
969,36,0.1
970,85,0.1
970,48,0.1
970,54,0.1
970,68,0.1
971,70,0.05
971,65,0.07
971,8,0.05
971,12,0.07
971,38,0.2
972,100,0.2
972,63,0.07
973,4,0.1
973,28,0.1
973,47,0.05
973,71,0.07
974,33,0.1
974,22,0.2
975,110,0.2
976,26,0.1
976,39,0.07
977,52,0.1
977,69,0.05
977,27,0.05
977,80,0.05
978,106,0.05
978,25,0.2
978,108,0.05
979,55,0.05
979,71,0.2
979,12,0.1
979,52,0.2
980,49,0.2
980,9,0.1
980,64,0.1
981,35,0.1
981,95,0.05
981,21,0.07
981,36,0.1
981,61,0.07
982,22,0.1
982,110,0.07
982,52,0.07
982,40,0.05
983,63,0.1
983,20,0.2
983,68,0.07
983,81,0.07
983,88,0.05
984,68,0.2
984,81,0.2
984,12,0.1
984,111,0.2
985,5,0.07
985,59,0.2
985,78,0.05
986,87,0.1
986,78,0.05
986,26,0.07
987,51,0.1
987,60,0.2
987,80,0.07
988,35,0.2
988,38,0.07
988,12,0.07
989,99,0.05
989,27,0.1
989,70,0.1
989,84,0.07
989,5,0.1
990,6,0.2
990,29,0.1
990,91,0.1
990,14,0.1
991,9,0.2
991,79,0.2
991,34,0.2
992,45,0.07
992,102,0.1
992,20,0.2
992,101,0.2
992,7,0.05
993,58,0.2
993,36,0.1
993,10,0.05
993,99,0.07
993,79,0.1
994,37,0.1
994,45,0.2
994,66,0.07
995,16,0.1
995,90,0.2
995,101,0.1
996,68,0.05
996,32,0.05
997,86,0.07
997,105,0.2
997,14,0.07
998,26,0.05
998,105,0.2
999,70,0.07
999,106,0.05
1000,65,0.05
1000,111,0.1
1000,19,0.07
1000,29,0.05
1001,72,0.05
1001,45,0.05
1001,58,0.1
1001,111,0.07
1002,100,0.05
1002,83,0.1
1002,8,0.1
1002,79,0.2
1003,34,0.05
1003,51,0.05
1004,36,0.1
1005,14,0.2
1005,81,0.1
1005,99,0.1
1006,20,0.07
1006,68,0.1
1006,56,0.07
1006,65,0.1
1006,46,0.1
1007,26,0.2
1007,11,0.05
1007,85,0.1
1007,76,0.2
1007,106,0.1
1008,71,0.2
1008,2,0.1
1008,95,0.07
1009,95,0.07
1009,44,0.07
1010,109,0.1
1011,88,0.2
1011,99,0.2
1011,16,0.2
1011,68,0.05
1012,8,0.07
1012,64,0.2
1013,60,0.05
1014,97,0.2
1014,45,0.05
1014,81,0.1
1014,59,0.05
1015,6,0.1
1015,73,0.2
1015,101,0.1
1015,13,0.2
1016,76,0.07
1017,89,0.07
1017,82,0.2
1017,100,0.2
1017,18,0.2
1017,77,0.1
1018,76,0.07
1018,97,0.1
1018,91,0.2
1019,30,0.1
1019,52,0.2
1019,37,0.05
1019,93,0.2
1020,20,0.05
1020,69,0.05
1020,15,0.07
1020,57,0.1
1020,40,0.05
1021,49,0.07
1021,23,0.07
1022,33,0.2
1022,46,0.1
1022,65,0.07
1022,5,0.07
1023,91,0.07
1023,43,0.1
1024,104,0.2
1024,28,0.05
1024,98,0.2
1024,96,0.1
1024,91,0.2
1025,89,0.07
1025,102,0.1
1025,39,0.1
1025,15,0.05
1025,66,0.05
1026,7,0.07
1027,95,0.1
1027,14,0.05
1028,111,0.1
1028,10,0.2
1028,41,0.2
1028,35,0.1
1028,108,0.2
1029,20,0.2
1029,55,0.1
1029,40,0.2
1029,68,0.1
1030,27,0.05
1030,10,0.1
1030,72,0.1
1031,27,0.2
1031,108,0.2
1032,60,0.1
1032,17,0.1
1033,26,0.07
1033,109,0.1
1033,27,0.07
1034,101,0.1
1034,8,0.1
1034,11,0.07
1034,21,0.05
1035,96,0.2
1036,55,0.1
1036,76,0.07
1036,18,0.05
1036,65,0.2
1036,12,0.2
1037,74,0.07
1037,3,0.07
1037,65,0.2
1037,92,0.07
1037,84,0.05
1038,83,0.05
1038,9,0.07
1039,18,0.2
1040,97,0.1
1040,28,0.2
1040,64,0.07
1040,27,0.07
1040,8,0.05
1041,89,0.1
1041,61,0.07
1041,94,0.1
1042,23,0.1
1043,55,0.1
1043,20,0.07
1044,97,0.1
1045,28,0.05
1045,104,0.05
1046,60,0.07
1046,79,0.07
1046,32,0.07
1046,41,0.1
1046,17,0.05
1047,28,0.1
1047,78,0.2
1047,35,0.05
1047,49,0.05
1048,3,0.1
1048,37,0.1
1048,94,0.05
1049,9,0.1
1049,36,0.05
1049,3,0.1
1049,26,0.07
1049,10,0.05
1050,96,0.07
1050,99,0.1
1050,45,0.2
1050,14,0.2
1051,46,0.2
1052,7,0.05
1052,103,0.05
1052,26,0.07
1053,49,0.05
1053,26,0.2
1053,23,0.2
1053,68,0.1
1053,73,0.05
1054,36,0.1
1054,16,0.05
1055,43,0.07
1055,101,0.2
1055,12,0.1
1055,83,0.1
1055,60,0.2
1056,3,0.05
1057,105,0.2
1057,97,0.05
1057,98,0.05
1058,43,0.1
1058,29,0.05
1058,103,0.07
1059,46,0.05
1059,7,0.1
1059,13,0.07
1060,7,0.07
1060,11,0.07
1060,61,0.1
1060,30,0.05
1061,14,0.07
1061,19,0.1
1062,13,0.05
1062,111,0.2
1062,5,0.05
1062,12,0.2
1063,33,0.1
1063,100,0.07
1063,72,0.2
1064,18,0.07
1064,49,0.1
1065,48,0.07
1065,103,0.05
1065,63,0.07
1066,15,0.05
1066,46,0.1
1066,12,0.1
1067,74,0.07
1067,9,0.2
1067,72,0.1
1067,6,0.2
1068,87,0.2
1068,82,0.2
1068,49,0.2
1068,45,0.2
1069,109,0.07
1069,93,0.1
1070,110,0.2
1070,18,0.1
1070,94,0.05
1071,25,0.2
1072,83,0.2
1072,89,0.07
1072,36,0.07
1073,81,0.2
1073,13,0.07
1073,20,0.2
1074,59,0.1
1074,87,0.07
1074,89,0.1
1075,48,0.1
1075,111,0.05
1076,95,0.1
1076,102,0.07
1076,73,0.07
1077,60,0.05
1078,76,0.07
1078,60,0.2
1078,15,0.07
1078,10,0.1
1078,72,0.2
1079,70,0.07
1080,31,0.2
1080,40,0.1
1080,50,0.05
1080,32,0.2
1080,86,0.05
1081,52,0.1
1082,29,0.2
1083,65,0.2
1083,77,0.1
1083,61,0.07
1083,33,0.2
1084,30,0.05
1084,70,0.05
1084,98,0.2
1084,65,0.07
1084,60,0.1
1085,66,0.2
1085,64,0.1
1085,74,0.1
1086,108,0.07
1086,67,0.1
1086,81,0.05
1086,10,0.07
1086,5,0.2
1087,15,0.07
1087,102,0.07
1087,59,0.1
1087,13,0.07
1087,109,0.2
1088,64,0.1
1088,30,0.1
1088,33,0.07
1088,36,0.2
1089,70,0.07
1089,30,0.05
1090,74,0.2
1091,97,0.05
1091,56,0.1
1091,19,0.1
1092,34,0.05
1092,30,0.07
1092,2,0.1
1092,18,0.2
1093,45,0.07
1093,17,0.1
1093,90,0.1
1094,71,0.1
1094,11,0.1
1094,24,0.1
1094,107,0.2
1095,78,0.05
1095,3,0.2
1095,15,0.1
1095,31,0.2
1095,50,0.05
1096,11,0.1
1097,99,0.05
1097,106,0.07
1097,98,0.07
1097,19,0.2
1097,35,0.05
1098,88,0.1
1099,64,0.1
1099,13,0.05
1099,46,0.07
1099,89,0.1
1100,12,0.05
1100,9,0.1
1101,105,0.07
1101,51,0.05
1102,91,0.07
1103,106,0.2
1103,46,0.2
1104,17,0.1
1104,70,0.1
1104,43,0.07
1104,80,0.07
1105,60,0.05
1105,56,0.2
1105,35,0.07
1106,96,0.1
1107,43,0.2
1107,41,0.2
1108,45,0.05
1108,100,0.07
1108,105,0.07
1109,72,0.1
1110,56,0.1
1111,95,0.05
1111,66,0.1
1111,14,0.2
1111,24,0.07
1112,71,0.05
1112,42,0.07
1112,5,0.1
1112,87,0.07
1112,9,0.1
1113,106,0.07
1114,52,0.2
1115,97,0.2
1115,50,0.07
1115,91,0.07
1115,49,0.1
1116,11,0.07
1117,37,0.1
1117,91,0.2
1117,51,0.1
1118,55,0.2
1118,50,0.07
1118,29,0.05
1118,47,0.2
1119,93,0.1
1119,55,0.05
1119,104,0.2
1120,92,0.07
1120,31,0.07
1120,30,0.05
1120,93,0.07
1120,94,0.2
1121,11,0.1
1121,110,0.05
1122,9,0.07
1122,53,0.1
1122,49,0.2
1122,41,0.05
1122,72,0.1
1123,65,0.07
1123,61,0.1
1124,7,0.1
1124,6,0.1
1124,109,0.07
1124,45,0.05
1124,2,0.05
1125,16,0.05
1125,21,0.1
1125,81,0.07
1125,24,0.07
1125,32,0.07
1126,33,0.1
1126,58,0.2
1126,89,0.05
1127,23,0.1
1127,96,0.07
1127,37,0.2
1128,44,0.05
1128,10,0.2
1128,65,0.05
1129,71,0.2
1129,56,0.2
1129,61,0.05
1130,54,0.2
1131,60,0.07
1131,103,0.05
1132,43,0.05
1132,10,0.1
1132,36,0.1
1132,16,0.05
1133,4,0.05
1133,17,0.07
1133,90,0.2
1133,62,0.2
1134,97,0.1
1134,36,0.1
1135,101,0.05
1135,51,0.1
1136,105,0.1
1137,28,0.2
1137,58,0.2
1137,84,0.2
1137,69,0.07
1138,13,0.05
1138,105,0.05
1138,93,0.1
1139,106,0.05
1139,44,0.1
1139,69,0.05
1139,25,0.1
1139,7,0.1
1140,39,0.1
1140,71,0.07
1140,38,0.1
1140,40,0.07
1141,8,0.1
1142,20,0.07
1142,30,0.1
1142,109,0.05
1142,108,0.2
1142,100,0.05
1143,99,0.2
1143,48,0.2
1143,69,0.1
1144,88,0.07
1145,105,0.07
1146,36,0.07
1146,64,0.2
1146,11,0.2
1147,82,0.2
1147,39,0.05
1148,82,0.07
1148,22,0.07
1148,77,0.05
1148,94,0.1
1149,98,0.07
1149,48,0.05
1149,58,0.05
1149,85,0.2
1149,94,0.1
1150,29,0.05
1150,91,0.05
1150,104,0.07
1150,21,0.1
1151,30,0.05
1152,58,0.07
1152,91,0.2
1152,24,0.05
1153,103,0.1
1153,6,0.05
1154,17,0.2
1154,60,0.07
1154,67,0.2
1155,68,0.05
1155,6,0.1
1155,35,0.07
1155,77,0.05
1156,111,0.05
1156,86,0.05
1157,20,0.1
1157,31,0.1
1157,37,0.2
1157,41,0.07
1158,95,0.1
1158,74,0.07
1159,12,0.1
1160,41,0.1
1160,9,0.2
1161,71,0.1
1161,38,0.07
1161,22,0.2
1161,29,0.1
1162,88,0.2
1162,40,0.2
1162,86,0.1
1162,41,0.05
1162,12,0.05
1163,63,0.05
1163,53,0.1
1164,8,0.2
1164,78,0.05
1164,103,0.05
1164,44,0.05
1165,65,0.07
1165,68,0.07
1166,103,0.07
1167,29,0.05
1167,81,0.1
1167,68,0.07
1168,23,0.1
1168,82,0.2
1168,51,0.07
1168,107,0.2
1168,15,0.05
1169,91,0.2
1169,51,0.05
1169,58,0.1
1169,81,0.2
1170,15,0.1
1170,47,0.05
1170,62,0.1
1171,94,0.2
1171,92,0.07
1171,10,0.07
1172,78,0.07
1172,104,0.2
1173,95,0.2
1173,17,0.07
1173,68,0.05
1173,103,0.2
1174,110,0.2
1174,6,0.07
1174,106,0.1
1175,58,0.07
1175,65,0.2
1175,20,0.05
1175,3,0.05
1175,9,0.05
1176,87,0.1
1177,62,0.07
1177,74,0.1
1178,46,0.07
1178,77,0.2
1178,108,0.05
1178,13,0.05
1179,93,0.05
1179,88,0.05
1179,33,0.2
1179,50,0.07
1180,66,0.07
1181,98,0.1
1182,35,0.1
1182,49,0.1
1183,63,0.2
1183,80,0.2
1183,6,0.05
1184,16,0.05
1184,71,0.05
1185,19,0.07
1185,21,0.07
1185,63,0.1
1185,80,0.2
1186,48,0.1
1186,49,0.07
1186,106,0.1
1186,27,0.2
1187,36,0.1
1187,79,0.07
1187,4,0.1
1187,53,0.1
1188,66,0.1
1188,91,0.2
1188,87,0.1
1189,55,0.07
1189,102,0.1
1189,40,0.1
1190,71,0.07
1191,40,0.1
1191,89,0.1
1191,100,0.07
1192,24,0.1
1192,88,0.07
1192,37,0.2
1193,83,0.05
1193,27,0.05
1194,71,0.05
1194,7,0.07
1194,105,0.1
1194,84,0.05
1195,52,0.07
1196,53,0.07
1197,13,0.07
1197,108,0.05
1197,9,0.05
1197,106,0.2
1198,105,0.05
1199,32,0.05
1199,94,0.07
1199,109,0.1
1200,42,0.2
1201,95,0.07
1201,13,0.05
1201,26,0.2
1201,17,0.05
1201,19,0.2
1202,84,0.05
1203,6,0.07
1203,55,0.05
1204,37,0.07
1205,105,0.2
1205,46,0.2
1205,71,0.05
1205,79,0.07
1205,92,0.1
1206,73,0.07
1206,29,0.2
1207,104,0.05
1207,103,0.1
1207,23,0.07
1208,12,0.2
1208,65,0.07
1208,86,0.2
1208,13,0.1
1208,87,0.07
1209,89,0.07
1209,97,0.05
1210,26,0.1
1210,6,0.07
1210,78,0.05
1210,84,0.1
1210,35,0.05
1211,15,0.2
1211,59,0.05
1211,92,0.2
1211,93,0.1
1211,108,0.2
1212,74,0.1
1212,37,0.07
1212,39,0.05
1212,68,0.07
1213,64,0.07
1213,78,0.07
1213,102,0.1
1213,15,0.05
1214,9,0.05
1214,7,0.2
1214,22,0.05
1214,77,0.1
1214,67,0.2
1215,73,0.1
1215,10,0.07
1216,64,0.1
1216,54,0.05
1216,19,0.2
1216,110,0.07
1216,43,0.1
1217,73,0.05
1217,106,0.05
1218,32,0.07
1218,102,0.05
1219,17,0.07
1219,62,0.1
1219,40,0.2
1220,47,0.1
1220,49,0.2
1220,85,0.2
1221,100,0.05
1221,81,0.05
1221,42,0.1
1221,38,0.1
1221,97,0.07
1222,97,0.2
1223,103,0.05
1224,62,0.07
1224,51,0.1
1224,108,0.05
1224,32,0.2
1225,81,0.1
1225,59,0.1
1225,6,0.1
1226,77,0.05
1226,101,0.2
1226,11,0.07
1226,51,0.07
1226,42,0.1
1227,90,0.2
1227,44,0.07
1227,26,0.05
1227,8,0.07
1227,42,0.2
1228,92,0.2
1228,55,0.2
1228,20,0.05
1229,36,0.07
1229,61,0.1
1230,32,0.1
1230,38,0.07
1231,75,0.05
1231,70,0.07
1232,4,0.07
1232,110,0.05
1232,6,0.2
1233,87,0.2
1233,61,0.1
1233,55,0.2
1234,56,0.07
1234,71,0.07
1235,7,0.1
1236,60,0.07
1236,32,0.05
1236,91,0.1
1237,23,0.1
1237,87,0.1
1237,95,0.2
1237,55,0.07
1237,25,0.07
1238,40,0.1
1238,14,0.1
1238,99,0.2
1238,101,0.1
1239,15,0.2
1239,91,0.1
1239,34,0.1
1239,36,0.05
1240,107,0.1
1240,23,0.05
1240,15,0.2
1240,77,0.05
1240,57,0.05
1241,74,0.05
1241,71,0.05
1242,94,0.05
1242,27,0.07
1242,10,0.07
1242,70,0.2
1243,44,0.07
1244,45,0.2
1244,38,0.07
1244,33,0.07
1244,37,0.1
1245,13,0.1
1246,78,0.2
1246,46,0.05
1246,45,0.07
1247,15,0.1
1247,28,0.1
1247,26,0.05
1248,94,0.05
1248,33,0.1
1248,92,0.1
1248,12,0.05
1249,62,0.05
1249,104,0.05
1249,61,0.2
1250,78,0.05
1250,66,0.1
1250,20,0.05
1250,6,0.1
1251,40,0.1
1251,56,0.07
1251,7,0.07
1252,79,0.2
1252,84,0.2
1252,57,0.05
1253,25,0.1
1253,21,0.07
1253,88,0.2
1254,80,0.2
1254,91,0.2
1255,43,0.2
1255,53,0.05
1255,14,0.2
1255,26,0.05
1255,82,0.05
1256,44,0.2
1256,100,0.1
1257,30,0.05
1257,61,0.05
1257,17,0.1
1257,41,0.05
1257,4,0.1
1258,94,0.1
1258,99,0.05
1259,60,0.1
1259,19,0.2
1260,8,0.1
1260,66,0.1
1261,73,0.2
1261,88,0.2
1261,100,0.05
1261,42,0.1
1262,37,0.07
1262,52,0.05
1262,43,0.07
1262,77,0.07
1263,45,0.2
1263,62,0.05
1263,19,0.1
1264,101,0.07
1264,77,0.07
1264,29,0.2
1264,52,0.05
1265,41,0.1
1265,72,0.07
1266,90,0.2
1266,48,0.2
1267,45,0.1
1267,27,0.07
1267,108,0.2
1267,95,0.05
1268,68,0.07
1268,87,0.07
1268,59,0.2
1268,100,0.07
1269,4,0.2
1269,7,0.2
1269,111,0.1
1270,54,0.2
1271,25,0.1
1271,50,0.07
1271,87,0.07
1271,32,0.07
1272,16,0.2
1272,71,0.1
1272,86,0.07
1273,95,0.07
1273,20,0.07
1273,58,0.2
1274,81,0.1
1275,58,0.07
1275,30,0.1
1276,18,0.2
1276,58,0.2
1276,42,0.05
1276,24,0.2
1276,78,0.2
1277,56,0.2
1277,93,0.05
1277,9,0.1
1277,4,0.1
1277,11,0.2
1278,103,0.1
1278,32,0.1
1279,9,0.05
1280,72,0.07
1280,74,0.05
1280,52,0.07
1280,63,0.2
1281,36,0.05
1281,49,0.05
1281,75,0.05
1282,111,0.05
1282,50,0.2
1283,61,0.05
1283,81,0.2
1283,7,0.1
1283,32,0.1
1283,11,0.2
1284,101,0.07
1284,8,0.05
1284,4,0.05
1285,78,0.07
1285,93,0.1
1285,69,0.2
1285,6,0.1
1286,109,0.2
1286,81,0.07
1286,87,0.07
1287,27,0.2
1287,62,0.1
1287,103,0.1
1287,100,0.05
1288,73,0.2
1288,64,0.2
1288,62,0.1
1288,17,0.07
1289,89,0.05
1289,3,0.1
1290,75,0.05
1290,36,0.05
1290,92,0.1
1291,57,0.1
1291,58,0.05
1292,70,0.07
1293,88,0.1
1293,74,0.05
1293,38,0.07
1294,95,0.05
1294,44,0.05
1295,5,0.2
1295,61,0.2
1295,52,0.05
1296,25,0.05
1296,90,0.1
1296,16,0.05
1296,2,0.1
1297,104,0.07
1297,43,0.05
1297,51,0.05
1298,59,0.05
1298,110,0.07
1299,14,0.1
1299,101,0.05
1299,75,0.05
1299,52,0.2
1300,101,0.07
1300,58,0.05
1301,45,0.2
1301,105,0.1
1301,8,0.2
1302,38,0.05
1302,20,0.1
1302,56,0.07
1303,96,0.1
1303,63,0.2
1303,108,0.1
1303,73,0.1
1303,24,0.1
1304,80,0.05
1304,99,0.05
1304,102,0.2
1304,17,0.05
1305,85,0.2
1305,9,0.07
1305,11,0.05
1305,91,0.05
1306,103,0.05
1306,81,0.07
1306,45,0.2
1306,42,0.2
1306,9,0.07
1307,96,0.07
1307,53,0.2
1307,69,0.2
1308,54,0.05
1308,69,0.2
1308,14,0.07
1308,56,0.2
1308,32,0.07
1309,65,0.05
1309,87,0.2
1310,59,0.2
1310,77,0.2
1310,11,0.1
1310,54,0.2
1311,69,0.1
1311,45,0.07
1311,27,0.1
1311,42,0.1
1312,67,0.05
1312,14,0.2
1312,20,0.07
1313,75,0.2
1313,33,0.2
1313,69,0.07
1314,52,0.07
1314,72,0.05
1314,94,0.1
1315,104,0.07
1315,41,0.05
1315,24,0.1
1315,26,0.07
1315,16,0.2
1316,76,0.1
1316,90,0.1
1317,82,0.1
1318,82,0.2
1318,62,0.2
1318,111,0.2
1318,92,0.07
1319,75,0.07
1319,91,0.2
1320,104,0.1
1320,93,0.05
1320,99,0.2
1321,34,0.1
1321,107,0.1
1321,11,0.1
1322,28,0.05
1322,104,0.05
1323,27,0.07
1323,20,0.05
1323,70,0.05
1324,66,0.1
1324,120,0.2
1324,235,0.1
1324,3,0.2
1325,139,0.05
1325,257,0.05
1325,209,0.1
1325,28,0.07
1326,190,0.07
1326,269,0.07
1327,151,0.07
1327,235,0.1
1327,48,0.1
1327,180,0.2
1328,241,0.07
1328,129,0.1
1328,228,0.07
1328,311,0.1
1328,247,0.1
1329,143,0.07
1329,107,0.05
1329,55,0.07
1329,283,0.2
1329,13,0.1
1330,232,0.2
1330,243,0.05
1330,230,0.2
1330,102,0.05
1330,282,0.1
1331,253,0.05
1331,290,0.05
1331,145,0.1
1331,300,0.2
1332,296,0.2
1332,93,0.05
1332,179,0.07
1332,298,0.1
1333,205,0.05
1333,304,0.1
1333,99,0.1
1333,12,0.05
1333,78,0.1
1334,203,0.05
1334,160,0.07
1334,84,0.1
1334,13,0.05
1334,42,0.05
1335,138,0.05
1336,29,0.2
1336,157,0.05
1336,21,0.07
1336,207,0.1
1336,185,0.1
1337,153,0.1
1338,169,0.07
1339,175,0.07
1340,253,0.2
1340,92,0.2
1340,237,0.05
1341,215,0.07
1341,56,0.2
1341,234,0.05
1341,66,0.05
1342,60,0.05
1342,270,0.05
1343,244,0.05
1343,99,0.05
1343,184,0.2
1343,65,0.2
1343,206,0.1
1344,77,0.07
1344,103,0.2
1344,3,0.07
1344,61,0.07
1345,40,0.2
1345,172,0.05
1345,164,0.2
1345,2,0.2
1346,134,0.05
1346,150,0.05
1346,18,0.05
1346,249,0.1
1346,263,0.2
1347,43,0.07
1347,53,0.05
1348,203,0.05
1348,148,0.05
1348,58,0.1
1348,147,0.07
1349,138,0.05
1349,205,0.07
1349,168,0.2
1349,184,0.2
1350,305,0.1
1350,250,0.07
1350,253,0.07
1350,159,0.05
1350,13,0.2
1351,297,0.2
1351,133,0.1
1352,136,0.2
1352,52,0.1
1352,282,0.1
1352,86,0.2
1352,100,0.05
1353,107,0.05
1353,233,0.07
1353,300,0.2
1353,86,0.05
1354,166,0.07
1355,297,0.1
1355,253,0.07
1355,149,0.2
1355,313,0.1
1356,192,0.05
1356,199,0.1
1356,276,0.1
1357,145,0.2
1357,60,0.2
1357,130,0.2
1358,257,0.2
1359,282,0.05
1359,82,0.05
1360,31,0.05
1361,307,0.07
1361,153,0.05
1361,163,0.2
1362,27,0.2
1362,204,0.07
1362,4,0.2
1363,66,0.1
1364,78,0.07
1364,155,0.1
1364,152,0.1
1364,110,0.07
1365,144,0.07
1365,58,0.07
1365,236,0.05
1366,115,0.1
1366,128,0.2
1366,200,0.07
1367,132,0.1
1367,131,0.2
1367,124,0.07
1367,24,0.05
1368,66,0.1
1368,113,0.07
1368,186,0.2
1369,213,0.05
1370,7,0.07
1370,89,0.1
1370,208,0.2
1370,134,0.1
1371,223,0.07
1371,8,0.2
1372,307,0.07
1372,283,0.2
1373,63,0.1
1374,181,0.05
1374,130,0.07
1375,147,0.05
1375,182,0.2
1376,5,0.07
1377,153,0.05
1377,130,0.05
1377,48,0.07
1377,188,0.07
1378,96,0.07
1378,142,0.07
1378,2,0.2
1378,110,0.07
1378,129,0.2
1379,15,0.1
1379,118,0.1
1379,263,0.1
1380,255,0.1
1380,229,0.07
1381,274,0.2
1381,214,0.1
1382,232,0.2
1382,81,0.05
1382,225,0.1
1382,135,0.07
1382,238,0.2
1383,188,0.2
1383,65,0.05
1384,32,0.07
1384,142,0.1
1384,89,0.1
1384,97,0.05
1385,24,0.05
1385,145,0.07
1385,39,0.1
1385,135,0.05
1386,292,0.2
1386,262,0.1
1386,306,0.1
1386,150,0.07
1387,106,0.1
1388,251,0.1
1389,85,0.1
1389,171,0.05
1389,227,0.07
1390,41,0.05
1390,27,0.05
1390,306,0.1
1390,104,0.05
1390,147,0.1
1391,223,0.07
1391,295,0.2
1391,277,0.2
1392,87,0.2
1392,240,0.05
1393,92,0.07
1393,82,0.07
1393,47,0.05
1393,268,0.05
1394,165,0.05
1395,204,0.2
1395,48,0.1
1395,180,0.2
1395,226,0.1
1396,57,0.05
1396,181,0.2
1397,127,0.1
1397,139,0.07
1397,7,0.05
1397,249,0.05
1397,78,0.1
1398,69,0.05
1398,53,0.2
1399,210,0.2
1399,224,0.05
1399,127,0.07
1399,28,0.05
1400,24,0.2
1400,217,0.2
1400,275,0.1
1400,90,0.07
1401,112,0.07
1401,230,0.05
1401,254,0.2
1402,189,0.2
1402,28,0.05
1402,203,0.05
1402,273,0.07
1403,93,0.1
1404,112,0.05
1404,220,0.1
1404,193,0.2
1405,162,0.1
1406,230,0.05
1406,113,0.1
1407,300,0.05
1407,36,0.1
1407,266,0.1
1407,35,0.2
1408,23,0.2
1408,166,0.2
1408,114,0.07
1408,137,0.2
1409,301,0.07
1409,170,0.07
1409,171,0.05
1409,265,0.05
1409,222,0.1
1410,205,0.1
1410,203,0.2
1410,304,0.1
1411,9,0.1
1411,308,0.2
1412,180,0.07
1412,43,0.1
1412,109,0.07
1413,297,0.05
1414,162,0.1
1414,292,0.05
1415,31,0.07
1415,17,0.05
1415,264,0.1
1415,245,0.05
1416,194,0.2
1416,242,0.1
1416,92,0.05
1417,219,0.2
1418,120,0.2
1418,243,0.05
1419,124,0.07
1419,235,0.2
1419,234,0.1
1420,197,0.2
1420,194,0.1
1420,128,0.1
1421,298,0.05
1422,80,0.07
1422,180,0.2
1422,243,0.05
1423,249,0.2
1423,71,0.1
1423,302,0.2
1423,113,0.2
1424,140,0.2
1425,227,0.05
1425,263,0.07
1425,93,0.07
1425,54,0.05
1425,145,0.07
1426,215,0.07
1426,20,0.05
1426,281,0.07
1427,230,0.07
1427,139,0.05
1427,164,0.07
1428,216,0.2
1428,126,0.07
1428,187,0.07
1428,28,0.1
1428,194,0.2
1429,70,0.2
1430,221,0.05
1430,281,0.07
1431,207,0.1
1431,53,0.07
1431,252,0.2
1431,254,0.07
1432,161,0.2
1433,264,0.07
1434,229,0.2
1434,198,0.1
1434,286,0.1
1434,61,0.07
1435,141,0.07
1435,29,0.2
1435,60,0.1
1435,260,0.07
1436,244,0.07
1437,141,0.05
1438,225,0.2
1438,140,0.2
1438,81,0.05
1438,137,0.1
1438,190,0.07
1439,42,0.07
1439,263,0.2
1439,102,0.05
1439,149,0.05
1440,116,0.07
1440,109,0.07
1440,186,0.1
1440,178,0.05
1440,67,0.2
1441,6,0.05
1441,242,0.2
1441,46,0.07
1442,160,0.1
1442,220,0.07
1442,271,0.05
1443,160,0.07
1443,57,0.2
1443,101,0.1
1444,90,0.1
1444,128,0.2
1445,219,0.1
1445,52,0.07
1445,123,0.1
1446,227,0.05
1446,233,0.05
1446,234,0.05
1447,148,0.2
1448,239,0.1
1449,159,0.07
1449,55,0.2
1449,260,0.07
1449,252,0.05
1449,14,0.1
1450,98,0.07
1450,173,0.1
1450,299,0.2
1450,209,0.1
1450,235,0.05
1451,117,0.05
1452,99,0.1
1452,234,0.2
1452,86,0.05
1452,109,0.07
1453,89,0.1
1454,283,0.07
1454,35,0.1
1454,124,0.2
1454,38,0.05
1455,101,0.05
1455,254,0.2
1456,193,0.05
1456,246,0.07
1456,268,0.1
1456,272,0.1
1456,126,0.1
1457,113,0.07
1457,111,0.2
1457,268,0.2
1457,152,0.2
1458,295,0.05
1458,105,0.05
1458,12,0.05
1458,78,0.1
1459,258,0.1
1460,201,0.05
1460,76,0.07
1460,167,0.05
1460,7,0.07
1460,123,0.07
1461,48,0.2
1461,242,0.2
1462,263,0.2
1462,25,0.07
1462,223,0.1
1462,294,0.1
1462,251,0.05
1463,51,0.05
1463,168,0.05
1464,109,0.05
1464,124,0.2
1464,165,0.2
1464,151,0.05
1465,70,0.05
1466,310,0.07
1466,251,0.05
1466,163,0.2
1466,39,0.05
1467,18,0.07
1467,115,0.2
1467,278,0.1
1468,269,0.05
1468,58,0.07
1468,50,0.07
1469,77,0.2
1469,237,0.05
1469,182,0.07
1469,100,0.05
1470,110,0.1
1470,287,0.05
1470,252,0.05
1471,59,0.2
1471,136,0.07
1472,84,0.2
1472,300,0.2
1473,84,0.2
1473,102,0.07
1474,301,0.2
1474,123,0.05
1475,306,0.05
1475,261,0.07
1475,161,0.05
1475,248,0.2
1476,142,0.07
1476,91,0.07
1476,43,0.07
1476,191,0.1
1476,265,0.1
1477,210,0.2
1478,100,0.1
1478,123,0.2
1479,252,0.05
1479,256,0.1
1480,308,0.1
1480,82,0.1
1480,92,0.07
1480,225,0.07
1481,53,0.07
1481,130,0.1
1482,48,0.1
1482,113,0.05
1482,58,0.07
1482,40,0.05
1482,205,0.05
1483,280,0.05
1483,226,0.07
1484,295,0.07
1484,49,0.2
1484,304,0.05
1485,122,0.2
1485,276,0.2
1486,60,0.05
1486,98,0.05
1486,113,0.1
1486,269,0.1
1487,160,0.07
1487,151,0.2
1487,198,0.05
1487,196,0.05
1487,96,0.2
1488,42,0.07
1488,122,0.07
1489,198,0.2
1489,282,0.2
1489,52,0.1
1490,99,0.1
1490,254,0.1
1490,218,0.05
1491,95,0.2
1491,302,0.05
1491,60,0.07
1491,139,0.07
1492,37,0.1
1493,230,0.1
1494,230,0.1
1494,178,0.2
1494,264,0.05
1495,292,0.05
1495,308,0.2
1495,137,0.1
1496,248,0.07
1496,214,0.07
1496,224,0.05
1496,302,0.05
1496,225,0.2
1497,141,0.2
1497,198,0.1
1497,204,0.07
1498,172,0.05
1498,260,0.07
1499,110,0.05
1499,208,0.07
1499,268,0.05
1499,2,0.05
1499,171,0.1
1500,41,0.07
1500,293,0.07
1501,248,0.05
1501,219,0.07
1501,15,0.05
1501,67,0.2
1501,210,0.05
1502,231,0.2
1502,19,0.07
1502,26,0.07
1502,268,0.2
1502,255,0.07
1503,217,0.1
1503,302,0.05
1504,276,0.07
1505,223,0.05
1505,24,0.07
1505,43,0.05
1506,184,0.05
1506,153,0.2
1506,149,0.05
1507,39,0.2
1507,11,0.1
1507,259,0.07
1507,281,0.07
1507,293,0.05
1508,37,0.2
1508,109,0.1
1508,52,0.05
1508,88,0.05
1509,215,0.07
1510,142,0.05
1510,68,0.1
1510,251,0.1
1510,220,0.1
1510,137,0.05
1511,144,0.2
1511,288,0.07
1511,17,0.07
1511,41,0.05
1511,124,0.2
1512,217,0.07
1513,166,0.1
1513,61,0.05
1513,159,0.05
1514,240,0.1
1514,203,0.05
1515,27,0.2
1515,202,0.1
1515,310,0.05
1515,40,0.1
1515,158,0.2
1516,172,0.1
1516,253,0.1
1516,196,0.2
1516,259,0.2
1516,271,0.2
1517,303,0.07
1517,226,0.05
1518,304,0.1
1518,182,0.05
1518,252,0.05
1519,150,0.2
1519,85,0.2
1519,124,0.07
1519,65,0.2
1519,265,0.05
1520,186,0.05
1520,188,0.2
1520,310,0.07
1520,263,0.1
1521,100,0.2
1521,314,0.2
1521,123,0.1
1521,135,0.2
1522,95,0.1
1522,141,0.07
1522,117,0.07
1523,311,0.2
1524,168,0.1
1524,295,0.2
1524,313,0.2
1524,252,0.2
1525,156,0.1
1525,163,0.07
1525,193,0.07
1526,151,0.07
1526,56,0.1
1526,238,0.1
1526,243,0.05
1527,33,0.1
1527,103,0.05
1527,57,0.05
1528,229,0.2
1529,23,0.05
1529,50,0.1
1530,213,0.1
1530,116,0.1
1531,128,0.1
1532,209,0.07
1533,274,0.1
1533,78,0.1
1533,96,0.1
1533,235,0.1
1533,51,0.1
1534,194,0.1
1534,117,0.05
1534,269,0.2
1534,172,0.2
1535,92,0.05
1535,75,0.05
1536,183,0.2
1536,185,0.07
1536,196,0.2
1537,237,0.05
1538,206,0.07
1538,46,0.07
1538,117,0.07
1538,197,0.2
1538,306,0.05
1539,6,0.05
1539,12,0.05
1540,71,0.05
1540,236,0.07
1540,224,0.05
1540,177,0.05
1540,78,0.2
1541,155,0.1
1541,248,0.07
1541,142,0.1
1541,17,0.1
1541,86,0.05
1542,79,0.2
1542,122,0.05
1542,184,0.2
1542,37,0.1
1542,297,0.2
1543,108,0.1
1543,93,0.2
1543,158,0.07
1543,97,0.05
1543,136,0.2
1544,194,0.1
1544,107,0.2
1545,45,0.1
1546,156,0.1
1546,185,0.1
1546,215,0.1
1546,25,0.05
1547,106,0.2
1547,204,0.2
1548,32,0.1
1548,202,0.07
1548,62,0.2
1549,158,0.2
1549,119,0.05
1549,249,0.05
1549,242,0.1
1550,315,0.05
1550,245,0.07
1550,185,0.1
1550,148,0.07
1550,86,0.05
1551,207,0.2
1552,197,0.1
1552,41,0.05
1553,102,0.07
1553,12,0.1
1553,251,0.05
1553,89,0.05
1554,166,0.05
1554,285,0.2
1555,24,0.1
1555,156,0.1
1555,126,0.1
1555,128,0.05
1555,174,0.2
1556,49,0.2
1556,82,0.07
1556,265,0.1
1556,119,0.05
1556,235,0.1
1557,163,0.07
1558,46,0.07
1558,123,0.07
1558,4,0.05
1558,55,0.2
1558,253,0.07
1559,101,0.07
1559,18,0.1
1559,54,0.1
1559,221,0.1
1560,118,0.2
1560,41,0.2
1561,181,0.07
1561,297,0.05
1562,54,0.2
1562,66,0.2
1562,115,0.07
1563,188,0.07
1564,309,0.07
1564,14,0.1
1565,37,0.07
1565,92,0.1
1565,261,0.1
1565,95,0.07
1565,226,0.2
1566,179,0.05
1566,61,0.05
1567,279,0.2
1568,146,0.2
1568,105,0.07
1568,301,0.1
1569,252,0.1
1570,155,0.07
1571,312,0.1
1571,212,0.07
1571,20,0.2
1572,216,0.05
1572,198,0.2
1572,115,0.05
1572,304,0.2
1573,9,0.05
1573,129,0.07
1573,15,0.1
1573,216,0.07
1573,263,0.1
1574,127,0.1
1575,44,0.07
1575,207,0.1
1575,213,0.07
1575,126,0.05
1575,92,0.2
1576,69,0.05
1576,293,0.05
1576,202,0.05
1577,298,0.05
1577,111,0.1
1577,300,0.2
1577,131,0.07
1577,282,0.05
1578,204,0.07
1578,310,0.05
1578,241,0.2
1579,49,0.05
1579,214,0.1
1579,286,0.07
1579,65,0.1
1580,119,0.07
1580,86,0.2
1581,64,0.1
1581,272,0.2
1582,75,0.07
1582,133,0.07
1583,15,0.05
1583,265,0.2
1584,45,0.1
1584,216,0.1
1584,43,0.2
1584,187,0.1
1584,147,0.07
1585,313,0.1
1585,106,0.1
1585,207,0.07
1585,95,0.1
1585,191,0.1
1586,22,0.1
1586,277,0.07
1586,295,0.05
1586,173,0.2
1586,36,0.1
1587,104,0.1
1587,63,0.05
1587,78,0.05
1587,300,0.07
1588,93,0.07
1589,246,0.05
1589,260,0.2
1589,28,0.1
1590,175,0.07
1590,248,0.2
1590,23,0.07
1591,286,0.2
1591,126,0.2
1591,97,0.07
1591,138,0.05
1591,265,0.2
1592,211,0.05
1592,159,0.07
1592,40,0.07
1592,9,0.2
1592,271,0.05
1593,97,0.2
1593,34,0.07
1593,190,0.1
1593,107,0.05
1593,169,0.07
1594,79,0.1
1594,105,0.1
1595,112,0.2
1596,91,0.05
1596,18,0.1
1597,176,0.07
1597,59,0.07
1598,247,0.2
1598,49,0.07
1598,88,0.2
1599,104,0.2
1600,146,0.1
1600,295,0.05
1600,36,0.2
1601,114,0.2
1601,10,0.2
1601,220,0.07
1601,7,0.07
1601,180,0.1
1602,71,0.05
1602,37,0.07
1602,275,0.2
1602,257,0.05
1603,275,0.05
1604,271,0.1
1605,72,0.1
1605,186,0.2
1605,132,0.1
1605,301,0.1
1605,29,0.07
1606,245,0.1
1606,271,0.1
1607,29,0.05
1608,231,0.05
1609,96,0.2
1609,238,0.2
1609,228,0.1
1609,105,0.2
1610,36,0.07
1610,173,0.2
1611,191,0.07
1611,171,0.1
1611,236,0.2
1612,242,0.1
1612,289,0.05
1612,101,0.2
1612,293,0.07
1612,60,0.1
1613,153,0.07
1613,283,0.05
1614,124,0.07
1614,159,0.07
1614,213,0.2
1615,197,0.2
1615,214,0.07
1615,182,0.2