"order_id","order_date"
1,"2016-01-01T00:00:00.000Z"
2,"2016-01-01T00:00:00.000Z"
3,"2016-01-02T00:00:00.000Z"
4,"2016-01-03T00:00:00.000Z"
5,"2016-01-03T00:00:00.000Z"
6,"2016-01-04T00:00:00.000Z"
7,"2016-01-04T00:00:00.000Z"
8,"2016-01-04T00:00:00.000Z"
9,"2016-01-05T00:00:00.000Z"
10,"2016-01-05T00:00:00.000Z"
11,"2016-01-05T00:00:00.000Z"
12,"2016-01-06T00:00:00.000Z"
13,"2016-01-08T00:00:00.000Z"
14,"2016-01-09T00:00:00.000Z"
15,"2016-01-09T00:00:00.000Z"
16,"2016-01-12T00:00:00.000Z"
17,"2016-01-12T00:00:00.000Z"
18,"2016-01-14T00:00:00.000Z"
19,"2016-01-14T00:00:00.000Z"
20,"2016-01-14T00:00:00.000Z"
21,"2016-01-15T00:00:00.000Z"
22,"2016-01-16T00:00:00.000Z"
23,"2016-01-16T00:00:00.000Z"
24,"2016-01-18T00:00:00.000Z"
25,"2016-01-18T00:00:00.000Z"
26,"2016-01-18T00:00:00.000Z"
27,"2016-01-19T00:00:00.000Z"
28,"2016-01-19T00:00:00.000Z"
29,"2016-01-20T00:00:00.000Z"
30,"2016-01-20T00:00:00.000Z"
31,"2016-01-20T00:00:00.000Z"
32,"2016-01-21T00:00:00.000Z"
33,"2016-01-21T00:00:00.000Z"
34,"2016-01-22T00:00:00.000Z"
35,"2016-01-22T00:00:00.000Z"
36,"2016-01-23T00:00:00.000Z"
37,"2016-01-25T00:00:00.000Z"
38,"2016-01-25T00:00:00.000Z"
39,"2016-01-25T00:00:00.000Z"
40,"2016-01-27T00:00:00.000Z"
41,"2016-01-27T00:00:00.000Z"
42,"2016-01-27T00:00:00.000Z"
43,"2016-01-27T00:00:00.000Z"
44,"2016-01-28T00:00:00.000Z"
45,"2016-01-28T00:00:00.000Z"
46,"2016-01-29T00:00:00.000Z"
47,"2016-01-29T00:00:00.000Z"
48,"2016-01-30T00:00:00.000Z"
49,"2016-01-31T00:00:00.000Z"
50,"2016-01-31T00:00:00.000Z"
51,"2016-02-01T00:00:00.000Z"
52,"2016-02-03T00:00:00.000Z"
53,"2016-02-03T00:00:00.000Z"
54,"2016-02-04T00:00:00.000Z"
55,"2016-02-04T00:00:00.000Z"
56,"2016-02-04T00:00:00.000Z"
57,"2016-02-04T00:00:00.000Z"
58,"2016-02-05T00:00:00.000Z"
59,"2016-02-05T00:00:00.000Z"
60,"2016-02-06T00:00:00.000Z"
61,"2016-02-06T00:00:00.000Z"
62,"2016-02-07T00:00:00.000Z"
63,"2016-02-07T00:00:00.000Z"
64,"2016-02-07T00:00:00.000Z"
65,"2016-02-08T00:00:00.000Z"
66,"2016-02-09T00:00:00.000Z"
67,"2016-02-09T00:00:00.000Z"
68,"2016-02-10T00:00:00.000Z"
69,"2016-02-10T00:00:00.000Z"
70,"2016-02-11T00:00:00.000Z"
71,"2016-02-11T00:00:00.000Z"
72,"2016-02-12T00:00:00.000Z"
73,"2016-02-12T00:00:00.000Z"
74,"2016-02-13T00:00:00.000Z"
75,"2016-02-14T00:00:00.000Z"
76,"2016-02-16T00:00:00.000Z"
77,"2016-02-16T00:00:00.000Z"
78,"2016-02-16T00:00:00.000Z"
79,"2016-02-17T00:00:00.000Z"
80,"2016-02-17T00:00:00.000Z"
81,"2016-02-17T00:00:00.000Z"
82,"2016-02-18T00:00:00.000Z"
83,"2016-02-19T00:00:00.000Z"
84,"2016-02-20T00:00:00.000Z"
85,"2016-02-20T00:00:00.000Z"
86,"2016-02-21T00:00:00.000Z"
87,"2016-02-21T00:00:00.000Z"
88,"2016-02-21T00:00:00.000Z"
89,"2016-02-21T00:00:00.000Z"
90,"2016-02-23T00:00:00.000Z"
91,"2016-02-25T00:00:00.000Z"
92,"2016-02-25T00:00:00.000Z"
93,"2016-02-26T00:00:00.000Z"
94,"2016-02-27T00:00:00.000Z"
95,"2016-02-27T00:00:00.000Z"
96,"2016-02-27T00:00:00.000Z"
97,"2016-02-28T00:00:00.000Z"
98,"2016-02-28T00:00:00.000Z"
99,"2016-02-29T00:00:00.000Z"
100,"2016-03-01T00:00:00.000Z"
101,"2016-03-01T00:00:00.000Z"
102,"2016-03-02T00:00:00.000Z"
103,"2016-03-03T00:00:00.000Z"
104,"2016-03-03T00:00:00.000Z"
105,"2016-03-03T00:00:00.000Z"
106,"2016-03-04T00:00:00.000Z"
107,"2016-03-06T00:00:00.000Z"
108,"2016-03-06T00:00:00.000Z"
109,"2016-03-06T00:00:00.000Z"
110,"2016-03-06T00:00:00.000Z"
111,"2016-03-07T00:00:00.000Z"
112,"2016-03-08T00:00:00.000Z"
113,"2016-03-08T00:00:00.000Z"
114,"2016-03-08T00:00:00.000Z"
115,"2016-03-09T00:00:00.000Z"
116,"2016-03-10T00:00:00.000Z"
117,"2016-03-10T00:00:00.000Z"
118,"2016-03-12T00:00:00.000Z"
119,"2016-03-12T00:00:00.000Z"
120,"2016-03-14T00:00:00.000Z"
121,"2016-03-14T00:00:00.000Z"
122,"2016-03-14T00:00:00.000Z"
123,"2016-03-15T00:00:00.000Z"
124,"2016-03-16T00:00:00.000Z"
125,"2016-03-16T00:00:00.000Z"
126,"2016-03-16T00:00:00.000Z"
127,"2016-03-17T00:00:00.000Z"
128,"2016-03-18T00:00:00.000Z"
129,"2016-03-19T00:00:00.000Z"
130,"2016-03-19T00:00:00.000Z"
131,"2016-03-19T00:00:00.000Z"
132,"2016-03-20T00:00:00.000Z"
133,"2016-03-20T00:00:00.000Z"
134,"2016-03-20T00:00:00.000Z"
135,"2016-03-21T00:00:00.000Z"
136,"2016-03-21T00:00:00.000Z"
137,"2016-03-23T00:00:00.000Z"
138,"2016-03-23T00:00:00.000Z"
139,"2016-03-23T00:00:00.000Z"
140,"2016-03-23T00:00:00.000Z"
141,"2016-03-25T00:00:00.000Z"
142,"2016-03-26T00:00:00.000Z"
143,"2016-03-26T00:00:00.000Z"
144,"2016-03-26T00:00:00.000Z"
145,"2016-03-27T00:00:00.000Z"
146,"2016-03-28T00:00:00.000Z"
147,"2016-03-28T00:00:00.000Z"
148,"2016-03-28T00:00:00.000Z"
149,"2016-03-28T00:00:00.000Z"
150,"2016-03-29T00:00:00.000Z"
151,"2016-03-29T00:00:00.000Z"
152,"2016-03-29T00:00:00.000Z"
153,"2016-03-30T00:00:00.000Z"
154,"2016-03-31T00:00:00.000Z"
155,"2016-04-02T00:00:00.000Z"
156,"2016-04-03T00:00:00.000Z"
157,"2016-04-03T00:00:00.000Z"
158,"2016-04-04T00:00:00.000Z"
159,"2016-04-04T00:00:00.000Z"
160,"2016-04-04T00:00:00.000Z"
161,"2016-04-04T00:00:00.000Z"
162,"2016-04-06T00:00:00.000Z"
163,"2016-04-06T00:00:00.000Z"
164,"2016-04-07T00:00:00.000Z"
165,"2016-04-08T00:00:00.000Z"
166,"2016-04-08T00:00:00.000Z"
167,"2016-04-08T00:00:00.000Z"
168,"2016-04-09T00:00:00.000Z"
169,"2016-04-10T00:00:00.000Z"
170,"2016-04-10T00:00:00.000Z"
171,"2016-04-11T00:00:00.000Z"
172,"2016-04-11T00:00:00.000Z"
173,"2016-04-11T00:00:00.000Z"
174,"2016-04-12T00:00:00.000Z"
175,"2016-04-13T00:00:00.000Z"
176,"2016-04-15T00:00:00.000Z"
177,"2016-04-16T00:00:00.000Z"
178,"2016-04-16T00:00:00.000Z"
179,"2016-04-17T00:00:00.000Z"
180,"2016-04-17T00:00:00.000Z"
181,"2016-04-18T00:00:00.000Z"
182,"2016-04-18T00:00:00.000Z"
183,"2016-04-19T00:00:00.000Z"
184,"2016-04-19T00:00:00.000Z"
185,"2016-04-20T00:00:00.000Z"
186,"2016-04-21T00:00:00.000Z"
187,"2016-04-22T00:00:00.000Z"
188,"2016-04-22T00:00:00.000Z"
189,"2016-04-23T00:00:00.000Z"
190,"2016-04-23T00:00:00.000Z"
191,"2016-04-27T00:00:00.000Z"
192,"2016-04-27T00:00:00.000Z"
193,"2016-04-28T00:00:00.000Z"
194,"2016-04-28T00:00:00.000Z"
195,"2016-04-28T00:00:00.000Z"
196,"2016-04-28T00:00:00.000Z"
197,"2016-04-30T00:00:00.000Z"
198,"2016-05-01T00:00:00.000Z"
199,"2016-05-01T00:00:00.000Z"
200,"2016-05-01T00:00:00.000Z"
201,"2016-05-01T00:00:00.000Z"
202,"2016-05-03T00:00:00.000Z"
203,"2016-05-03T00:00:00.000Z"
204,"2016-05-04T00:00:00.000Z"
205,"2016-05-04T00:00:00.000Z"
206,"2016-05-04T00:00:00.000Z"
207,"2016-05-05T00:00:00.000Z"
208,"2016-05-06T00:00:00.000Z"
209,"2016-05-07T00:00:00.000Z"
210,"2016-05-07T00:00:00.000Z"
211,"2016-05-07T00:00:00.000Z"
212,"2016-05-08T00:00:00.000Z"
213,"2016-05-08T00:00:00.000Z"
214,"2016-05-10T00:00:00.000Z"
215,"2016-05-10T00:00:00.000Z"
216,"2016-05-11T00:00:00.000Z"
217,"2016-05-11T00:00:00.000Z"
218,"2016-05-12T00:00:00.000Z"
219,"2016-05-12T00:00:00.000Z"
220,"2016-05-12T00:00:00.000Z"
221,"2016-05-13T00:00:00.000Z"
222,"2016-05-13T00:00:00.000Z"
223,"2016-05-15T00:00:00.000Z"
224,"2016-05-17T00:00:00.000Z"
225,"2016-05-17T00:00:00.000Z"
226,"2016-05-17T00:00:00.000Z"
227,"2016-05-17T00:00:00.000Z"
228,"2016-05-17T00:00:00.000Z"
229,"2016-05-19T00:00:00.000Z"
230,"2016-05-19T00:00:00.000Z"
231,"2016-05-19T00:00:00.000Z"
232,"2016-05-20T00:00:00.000Z"
233,"2016-05-21T00:00:00.000Z"
234,"2016-05-22T00:00:00.000Z"
235,"2016-05-24T00:00:00.000Z"
236,"2016-05-25T00:00:00.000Z"
237,"2016-05-25T00:00:00.000Z"
238,"2016-05-26T00:00:00.000Z"
239,"2016-05-27T00:00:00.000Z"
240,"2016-05-27T00:00:00.000Z"
241,"2016-05-27T00:00:00.000Z"
242,"2016-05-27T00:00:00.000Z"
243,"2016-05-27T00:00:00.000Z"
244,"2016-05-28T00:00:00.000Z"
245,"2016-05-29T00:00:00.000Z"
246,"2016-05-30T00:00:00.000Z"
247,"2016-05-30T00:00:00.000Z"
248,"2016-05-30T00:00:00.000Z"
249,"2016-06-01T00:00:00.000Z"
250,"2016-06-01T00:00:00.000Z"
251,"2016-06-01T00:00:00.000Z"
252,"2016-06-01T00:00:00.000Z"
253,"2016-06-02T00:00:00.000Z"
254,"2016-06-03T00:00:00.000Z"
255,"2016-06-03T00:00:00.000Z"
256,"2016-06-04T00:00:00.000Z"
257,"2016-06-05T00:00:00.000Z"
258,"2016-06-06T00:00:00.000Z"
259,"2016-06-06T00:00:00.000Z"
260,"2016-06-06T00:00:00.000Z"
261,"2016-06-08T00:00:00.000Z"
262,"2016-06-08T00:00:00.000Z"
263,"2016-06-09T00:00:00.000Z"
264,"2016-06-10T00:00:00.000Z"
265,"2016-06-10T00:00:00.000Z"
266,"2016-06-10T00:00:00.000Z"
267,"2016-06-11T00:00:00.000Z"
268,"2016-06-11T00:00:00.000Z"
269,"2016-06-12T00:00:00.000Z"
270,"2016-06-12T00:00:00.000Z"
271,"2016-06-13T00:00:00.000Z"
272,"2016-06-15T00:00:00.000Z"
273,"2016-06-16T00:00:00.000Z"
274,"2016-06-17T00:00:00.000Z"
275,"2016-06-17T00:00:00.000Z"
276,"2016-06-18T00:00:00.000Z"
277,"2016-06-19T00:00:00.000Z"
278,"2016-06-20T00:00:00.000Z"
279,"2016-06-21T00:00:00.000Z"
280,"2016-06-21T00:00:00.000Z"
281,"2016-06-21T00:00:00.000Z"
282,"2016-06-22T00:00:00.000Z"
283,"2016-06-23T00:00:00.000Z"
284,"2016-06-23T00:00:00.000Z"
285,"2016-06-25T00:00:00.000Z"
286,"2016-06-25T00:00:00.000Z"
287,"2016-06-25T00:00:00.000Z"
288,"2016-06-25T00:00:00.000Z"
289,"2016-06-27T00:00:00.000Z"
290,"2016-06-28T00:00:00.000Z"
291,"2016-06-29T00:00:00.000Z"
292,"2016-06-29T00:00:00.000Z"
293,"2016-06-30T00:00:00.000Z"
294,"2016-07-01T00:00:00.000Z"
295,"2016-07-01T00:00:00.000Z"
296,"2016-07-04T00:00:00.000Z"
297,"2016-07-04T00:00:00.000Z"
298,"2016-07-04T00:00:00.000Z"
299,"2016-07-05T00:00:00.000Z"
300,"2016-07-05T00:00:00.000Z"
301,"2016-07-06T00:00:00.000Z"
302,"2016-07-06T00:00:00.000Z"
303,"2016-07-07T00:00:00.000Z"
304,"2016-07-07T00:00:00.000Z"
305,"2016-07-07T00:00:00.000Z"
306,"2016-07-09T00:00:00.000Z"
307,"2016-07-09T00:00:00.000Z"
308,"2016-07-11T00:00:00.000Z"
309,"2016-07-11T00:00:00.000Z"
310,"2016-07-12T00:00:00.000Z"
311,"2016-07-12T00:00:00.000Z"
312,"2016-07-13T00:00:00.000Z"
313,"2016-07-14T00:00:00.000Z"
314,"2016-07-15T00:00:00.000Z"
315,"2016-07-16T00:00:00.000Z"
316,"2016-07-17T00:00:00.000Z"
317,"2016-07-17T00:00:00.000Z"
318,"2016-07-17T00:00:00.000Z"
319,"2016-07-18T00:00:00.000Z"
320,"2016-07-19T00:00:00.000Z"
321,"2016-07-19T00:00:00.000Z"
322,"2016-07-19T00:00:00.000Z"
323,"2016-07-19T00:00:00.000Z"
324,"2016-07-20T00:00:00.000Z"
325,"2016-07-20T00:00:00.000Z"
326,"2016-07-20T00:00:00.000Z"
327,"2016-07-21T00:00:00.000Z"
328,"2016-07-23T00:00:00.000Z"
329,"2016-07-24T00:00:00.000Z"
330,"2016-07-24T00:00:00.000Z"
331,"2016-07-24T00:00:00.000Z"
332,"2016-07-24T00:00:00.000Z"
333,"2016-07-25T00:00:00.000Z"
334,"2016-07-25T00:00:00.000Z"
335,"2016-07-25T00:00:00.000Z"
336,"2016-07-26T00:00:00.000Z"
337,"2016-07-26T00:00:00.000Z"
338,"2016-07-28T00:00:00.000Z"
339,"2016-07-28T00:00:00.000Z"
340,"2016-07-29T00:00:00.000Z"
341,"2016-07-31T00:00:00.000Z"
342,"2016-07-31T00:00:00.000Z"
343,"2016-07-31T00:00:00.000Z"
344,"2016-08-01T00:00:00.000Z"
345,"2016-08-01T00:00:00.000Z"
346,"2016-08-01T00:00:00.000Z"
347,"2016-08-02T00:00:00.000Z"
348,"2016-08-02T00:00:00.000Z"
349,"2016-08-03T00:00:00.000Z"
350,"2016-08-03T00:00:00.000Z"
351,"2016-08-03T00:00:00.000Z"
352,"2016-08-03T00:00:00.000Z"
353,"2016-08-03T00:00:00.000Z"
354,"2016-08-03T00:00:00.000Z"
355,"2016-08-03T00:00:00.000Z"
356,"2016-08-04T00:00:00.000Z"
357,"2016-08-05T00:00:00.000Z"
358,"2016-08-05T00:00:00.000Z"
359,"2016-08-07T00:00:00.000Z"
360,"2016-08-07T00:00:00.000Z"
361,"2016-08-08T00:00:00.000Z"
362,"2016-08-09T00:00:00.000Z"
363,"2016-08-11T00:00:00.000Z"
364,"2016-08-12T00:00:00.000Z"
365,"2016-08-13T00:00:00.000Z"
366,"2016-08-13T00:00:00.000Z"
367,"2016-08-14T00:00:00.000Z"
368,"2016-08-14T00:00:00.000Z"
369,"2016-08-15T00:00:00.000Z"
370,"2016-08-15T00:00:00.000Z"
371,"2016-08-15T00:00:00.000Z"
372,"2016-08-16T00:00:00.000Z"
373,"2016-08-16T00:00:00.000Z"
374,"2016-08-17T00:00:00.000Z"
375,"2016-08-17T00:00:00.000Z"
376,"2016-08-17T00:00:00.000Z"
377,"2016-08-17T00:00:00.000Z"
378,"2016-08-17T00:00:00.000Z"
379,"2016-08-18T00:00:00.000Z"
380,"2016-08-19T00:00:00.000Z"
381,"2016-08-19T00:00:00.000Z"
382,"2016-08-20T00:00:00.000Z"
383,"2016-08-20T00:00:00.000Z"
384,"2016-08-20T00:00:00.000Z"
385,"2016-08-20T00:00:00.000Z"
386,"2016-08-20T00:00:00.000Z"
387,"2016-08-20T00:00:00.000Z"
388,"2016-08-21T00:00:00.000Z"
389,"2016-08-22T00:00:00.000Z"
390,"2016-08-22T00:00:00.000Z"
391,"2016-08-23T00:00:00.000Z"
392,"2016-08-23T00:00:00.000Z"
393,"2016-08-25T00:00:00.000Z"
394,"2016-08-26T00:00:00.000Z"
395,"2016-08-26T00:00:00.000Z"
396,"2016-08-27T00:00:00.000Z"
397,"2016-08-28T00:00:00.000Z"
398,"2016-08-29T00:00:00.000Z"
399,"2016-08-29T00:00:00.000Z"
400,"2016-08-29T00:00:00.000Z"
401,"2016-08-30T00:00:00.000Z"
402,"2016-08-30T00:00:00.000Z"
403,"2016-08-31T00:00:00.000Z"
404,"2016-08-31T00:00:00.000Z"
405,"2016-08-31T00:00:00.000Z"
406,"2016-08-31T00:00:00.000Z"
407,"2016-09-01T00:00:00.000Z"
408,"2016-09-01T00:00:00.000Z"
409,"2016-09-01T00:00:00.000Z"
410,"2016-09-01T00:00:00.000Z"
411,"2016-09-02T00:00:00.000Z"
412,"2016-09-02T00:00:00.000Z"
413,"2016-09-02T00:00:00.000Z"
414,"2016-09-03T00:00:00.000Z"
415,"2016-09-03T00:00:00.000Z"
416,"2016-09-03T00:00:00.000Z"
417,"2016-09-04T00:00:00.000Z"
418,"2016-09-04T00:00:00.000Z"
419,"2016-09-04T00:00:00.000Z"
420,"2016-09-05T00:00:00.000Z"
421,"2016-09-05T00:00:00.000Z"
422,"2016-09-06T00:00:00.000Z"
423,"2016-09-06T00:00:00.000Z"
424,"2016-09-08T00:00:00.000Z"
425,"2016-09-08T00:00:00.000Z"
426,"2016-09-08T00:00:00.000Z"
427,"2016-09-09T00:00:00.000Z"
428,"2016-09-09T00:00:00.000Z"
429,"2016-09-10T00:00:00.000Z"
430,"2016-09-11T00:00:00.000Z"
431,"2016-09-11T00:00:00.000Z"
432,"2016-09-12T00:00:00.000Z"
433,"2016-09-12T00:00:00.000Z"
434,"2016-09-13T00:00:00.000Z"
435,"2016-09-14T00:00:00.000Z"
436,"2016-09-16T00:00:00.000Z"
437,"2016-09-16T00:00:00.000Z"
438,"2016-09-16T00:00:00.000Z"
439,"2016-09-17T00:00:00.000Z"
440,"2016-09-17T00:00:00.000Z"
441,"2016-09-18T00:00:00.000Z"
442,"2016-09-18T00:00:00.000Z"
443,"2016-09-18T00:00:00.000Z"
444,"2016-09-19T00:00:00.000Z"
445,"2016-09-19T00:00:00.000Z"
446,"2016-09-19T00:00:00.000Z"
447,"2016-09-20T00:00:00.000Z"
448,"2016-09-21T00:00:00.000Z"
449,"2016-09-21T00:00:00.000Z"
450,"2016-09-21T00:00:00.000Z"
451,"2016-09-21T00:00:00.000Z"
452,"2016-09-22T00:00:00.000Z"
453,"2016-09-22T00:00:00.000Z"
454,"2016-09-23T00:00:00.000Z"
455,"2016-09-23T00:00:00.000Z"
456,"2016-09-23T00:00:00.000Z"
457,"2016-09-24T00:00:00.000Z"
458,"2016-09-25T00:00:00.000Z"
459,"2016-09-25T00:00:00.000Z"
460,"2016-09-25T00:00:00.000Z"
461,"2016-09-26T00:00:00.000Z"
462,"2016-09-27T00:00:00.000Z"
463,"2016-09-27T00:00:00.000Z"
464,"2016-09-28T00:00:00.000Z"
465,"2016-09-28T00:00:00.000Z"
466,"2016-09-28T00:00:00.000Z"
467,"2016-09-28T00:00:00.000Z"
468,"2016-09-29T00:00:00.000Z"
469,"2016-09-29T00:00:00.000Z"
470,"2016-09-30T00:00:00.000Z"
471,"2016-09-30T00:00:00.000Z"
472,"2016-09-30T00:00:00.000Z"
473,"2016-09-30T00:00:00.000Z"
474,"2016-10-01T00:00:00.000Z"
475,"2016-10-01T00:00:00.000Z"
476,"2016-10-01T00:00:00.000Z"
477,"2016-10-02T00:00:00.000Z"
478,"2016-10-02T00:00:00.000Z"
479,"2016-10-03T00:00:00.000Z"
480,"2016-10-04T00:00:00.000Z"
481,"2016-10-04T00:00:00.000Z"
482,"2016-10-05T00:00:00.000Z"
483,"2016-10-06T00:00:00.000Z"
484,"2016-10-06T00:00:00.000Z"
485,"2016-10-06T00:00:00.000Z"
486,"2016-10-06T00:00:00.000Z"
487,"2016-10-06T00:00:00.000Z"
488,"2016-10-06T00:00:00.000Z"
489,"2016-10-06T00:00:00.000Z"
490,"2016-10-07T00:00:00.000Z"
491,"2016-10-08T00:00:00.000Z"
492,"2016-10-09T00:00:00.000Z"
493,"2016-10-09T00:00:00.000Z"
494,"2016-10-09T00:00:00.000Z"
495,"2016-10-10T00:00:00.000Z"
496,"2016-10-10T00:00:00.000Z"
497,"2016-10-10T00:00:00.000Z"
498,"2016-10-10T00:00:00.000Z"
499,"2016-10-11T00:00:00.000Z"
500,"2016-10-11T00:00:00.000Z"
501,"2016-10-11T00:00:00.000Z"
502,"2016-10-12T00:00:00.000Z"
503,"2016-10-13T00:00:00.000Z"
504,"2016-10-14T00:00:00.000Z"
505,"2016-10-14T00:00:00.000Z"
506,"2016-10-14T00:00:00.000Z"
507,"2016-10-15T00:00:00.000Z"
508,"2016-10-15T00:00:00.000Z"
509,"2016-10-16T00:00:00.000Z"
510,"2016-10-17T00:00:00.000Z"
511,"2016-10-18T00:00:00.000Z"
512,"2016-10-19T00:00:00.000Z"
513,"2016-10-19T00:00:00.000Z"
514,"2016-10-19T00:00:00.000Z"
515,"2016-10-19T00:00:00.000Z"
516,"2016-10-21T00:00:00.000Z"
517,"2016-10-21T00:00:00.000Z"
518,"2016-10-22T00:00:00.000Z"
519,"2016-10-22T00:00:00.000Z"
520,"2016-10-23T00:00:00.000Z"
521,"2016-10-23T00:00:00.000Z"
522,"2016-10-23T00:00:00.000Z"
523,"2016-10-24T00:00:00.000Z"
524,"2016-10-25T00:00:00.000Z"
525,"2016-10-26T00:00:00.000Z"
526,"2016-10-26T00:00:00.000Z"
527,"2016-10-27T00:00:00.000Z"
528,"2016-10-28T00:00:00.000Z"
529,"2016-10-28T00:00:00.000Z"
530,"2016-10-28T00:00:00.000Z"
531,"2016-10-28T00:00:00.000Z"
532,"2016-10-29T00:00:00.000Z"
533,"2016-10-29T00:00:00.000Z"
534,"2016-10-29T00:00:00.000Z"
535,"2016-10-29T00:00:00.000Z"
536,"2016-10-31T00:00:00.000Z"
537,"2016-10-31T00:00:00.000Z"
538,"2016-11-02T00:00:00.000Z"
539,"2016-11-02T00:00:00.000Z"
540,"2016-11-03T00:00:00.000Z"
541,"2016-11-04T00:00:00.000Z"
542,"2016-11-04T00:00:00.000Z"
543,"2016-11-06T00:00:00.000Z"
544,"2016-11-06T00:00:00.000Z"
545,"2016-11-08T00:00:00.000Z"
546,"2016-11-09T00:00:00.000Z"
547,"2016-11-09T00:00:00.000Z"
548,"2016-11-11T00:00:00.000Z"
549,"2016-11-12T00:00:00.000Z"
550,"2016-11-12T00:00:00.000Z"
551,"2016-11-12T00:00:00.000Z"
552,"2016-11-12T00:00:00.000Z"
553,"2016-11-12T00:00:00.000Z"
554,"2016-11-13T00:00:00.000Z"
555,"2016-11-13T00:00:00.000Z"
556,"2016-11-13T00:00:00.000Z"
557,"2016-11-14T00:00:00.000Z"
558,"2016-11-15T00:00:00.000Z"
559,"2016-11-16T00:00:00.000Z"
560,"2016-11-18T00:00:00.000Z"
561,"2016-11-19T00:00:00.000Z"
562,"2016-11-19T00:00:00.000Z"
563,"2016-11-20T00:00:00.000Z"
564,"2016-11-20T00:00:00.000Z"
565,"2016-11-21T00:00:00.000Z"
566,"2016-11-22T00:00:00.000Z"
567,"2016-11-22T00:00:00.000Z"
568,"2016-11-23T00:00:00.000Z"
569,"2016-11-23T00:00:00.000Z"
570,"2016-11-23T00:00:00.000Z"
571,"2016-11-24T00:00:00.000Z"
572,"2016-11-24T00:00:00.000Z"
573,"2016-11-24T00:00:00.000Z"
574,"2016-11-26T00:00:00.000Z"
575,"2016-11-27T00:00:00.000Z"
576,"2016-11-27T00:00:00.000Z"
577,"2016-11-27T00:00:00.000Z"
578,"2016-11-27T00:00:00.000Z"
579,"2016-11-27T00:00:00.000Z"
580,"2016-11-30T00:00:00.000Z"
581,"2016-12-03T00:00:00.000Z"
582,"2016-12-04T00:00:00.000Z"
583,"2016-12-04T00:00:00.000Z"
584,"2016-12-04T00:00:00.000Z"
585,"2016-12-04T00:00:00.000Z"
586,"2016-12-04T00:00:00.000Z"
587,"2016-12-06T00:00:00.000Z"
588,"2016-12-06T00:00:00.000Z"
589,"2016-12-06T00:00:00.000Z"
590,"2016-12-06T00:00:00.000Z"
591,"2016-12-06T00:00:00.000Z"
592,"2016-12-06T00:00:00.000Z"
593,"2016-12-07T00:00:00.000Z"
594,"2016-12-07T00:00:00.000Z"
595,"2016-12-08T00:00:00.000Z"
596,"2016-12-08T00:00:00.000Z"
597,"2016-12-08T00:00:00.000Z"
598,"2016-12-09T00:00:00.000Z"
599,"2016-12-09T00:00:00.000Z"
600,"2016-12-09T00:00:00.000Z"
601,"2016-12-09T00:00:00.000Z"
602,"2016-12-09T00:00:00.000Z"
603,"2016-12-09T00:00:00.000Z"
604,"2016-12-10T00:00:00.000Z"
605,"2016-12-10T00:00:00.000Z"
606,"2016-12-11T00:00:00.000Z"
607,"2016-12-11T00:00:00.000Z"
608,"2016-12-12T00:00:00.000Z"
609,"2016-12-12T00:00:00.000Z"
610,"2016-12-13T00:00:00.000Z"
611,"2016-12-15T00:00:00.000Z"
612,"2016-12-16T00:00:00.000Z"
613,"2016-12-17T00:00:00.000Z"
614,"2016-12-18T00:00:00.000Z"
615,"2016-12-19T00:00:00.000Z"
616,"2016-12-20T00:00:00.000Z"
617,"2016-12-21T00:00:00.000Z"
618,"2016-12-21T00:00:00.000Z"
619,"2016-12-22T00:00:00.000Z"
620,"2016-12-22T00:00:00.000Z"
621,"2016-12-23T00:00:00.000Z"
622,"2016-12-23T00:00:00.000Z"
623,"2016-12-24T00:00:00.000Z"
624,"2016-12-24T00:00:00.000Z"
625,"2016-12-25T00:00:00.000Z"
626,"2016-12-25T00:00:00.000Z"
627,"2016-12-25T00:00:00.000Z"
628,"2016-12-26T00:00:00.000Z"
629,"2016-12-26T00:00:00.000Z"
630,"2016-12-26T00:00:00.000Z"
631,"2016-12-27T00:00:00.000Z"
632,"2016-12-27T00:00:00.000Z"
633,"2016-12-28T00:00:00.000Z"
634,"2016-12-29T00:00:00.000Z"
635,"2016-12-30T00:00:00.000Z"
636,"2017-01-03T00:00:00.000Z"
637,"2017-01-03T00:00:00.000Z"
638,"2017-01-04T00:00:00.000Z"
639,"2017-01-06T00:00:00.000Z"
640,"2017-01-06T00:00:00.000Z"
641,"2017-01-07T00:00:00.000Z"
642,"2017-01-07T00:00:00.000Z"
643,"2017-01-08T00:00:00.000Z"
644,"2017-01-08T00:00:00.000Z"
645,"2017-01-08T00:00:00.000Z"
646,"2017-01-09T00:00:00.000Z"
647,"2017-01-09T00:00:00.000Z"
648,"2017-01-09T00:00:00.000Z"
649,"2017-01-10T00:00:00.000Z"
650,"2017-01-11T00:00:00.000Z"
651,"2017-01-11T00:00:00.000Z"
652,"2017-01-12T00:00:00.000Z"
653,"2017-01-14T00:00:00.000Z"
654,"2017-01-14T00:00:00.000Z"
655,"2017-01-16T00:00:00.000Z"
656,"2017-01-16T00:00:00.000Z"
657,"2017-01-17T00:00:00.000Z"
658,"2017-01-17T00:00:00.000Z"
659,"2017-01-17T00:00:00.000Z"
660,"2017-01-18T00:00:00.000Z"
661,"2017-01-18T00:00:00.000Z"
662,"2017-01-19T00:00:00.000Z"
663,"2017-01-20T00:00:00.000Z"
664,"2017-01-20T00:00:00.000Z"
665,"2017-01-21T00:00:00.000Z"
666,"2017-01-21T00:00:00.000Z"
667,"2017-01-22T00:00:00.000Z"
668,"2017-01-22T00:00:00.000Z"
669,"2017-01-23T00:00:00.000Z"
670,"2017-01-24T00:00:00.000Z"
671,"2017-01-25T00:00:00.000Z"
672,"2017-01-26T00:00:00.000Z"
673,"2017-01-26T00:00:00.000Z"
674,"2017-01-27T00:00:00.000Z"
675,"2017-01-28T00:00:00.000Z"
676,"2017-01-28T00:00:00.000Z"
677,"2017-01-28T00:00:00.000Z"
678,"2017-01-28T00:00:00.000Z"
679,"2017-01-29T00:00:00.000Z"
680,"2017-01-29T00:00:00.000Z"
681,"2017-01-29T00:00:00.000Z"
682,"2017-01-29T00:00:00.000Z"
683,"2017-01-29T00:00:00.000Z"
684,"2017-01-31T00:00:00.000Z"
685,"2017-01-31T00:00:00.000Z"
686,"2017-02-01T00:00:00.000Z"
687,"2017-02-02T00:00:00.000Z"
688,"2017-02-02T00:00:00.000Z"
689,"2017-02-02T00:00:00.000Z"
690,"2017-02-03T00:00:00.000Z"
691,"2017-02-04T00:00:00.000Z"
692,"2017-02-05T00:00:00.000Z"
693,"2017-02-05T00:00:00.000Z"
694,"2017-02-05T00:00:00.000Z"
695,"2017-02-05T00:00:00.000Z"
696,"2017-02-05T00:00:00.000Z"
697,"2017-02-06T00:00:00.000Z"
698,"2017-02-06T00:00:00.000Z"
699,"2017-02-06T00:00:00.000Z"
700,"2017-02-07T00:00:00.000Z"
701,"2017-02-07T00:00:00.000Z"
702,"2017-02-08T00:00:00.000Z"
703,"2017-02-08T00:00:00.000Z"
704,"2017-02-08T00:00:00.000Z"
705,"2017-02-08T00:00:00.000Z"
706,"2017-02-09T00:00:00.000Z"
707,"2017-02-09T00:00:00.000Z"
708,"2017-02-10T00:00:00.000Z"
709,"2017-02-11T00:00:00.000Z"
710,"2017-02-13T00:00:00.000Z"
711,"2017-02-13T00:00:00.000Z"
712,"2017-02-13T00:00:00.000Z"
713,"2017-02-13T00:00:00.000Z"
714,"2017-02-14T00:00:00.000Z"
715,"2017-02-15T00:00:00.000Z"
716,"2017-02-15T00:00:00.000Z"
717,"2017-02-15T00:00:00.000Z"
718,"2017-02-16T00:00:00.000Z"
719,"2017-02-16T00:00:00.000Z"
720,"2017-02-16T00:00:00.000Z"
721,"2017-02-16T00:00:00.000Z"
722,"2017-02-18T00:00:00.000Z"
723,"2017-02-19T00:00:00.000Z"
724,"2017-02-19T00:00:00.000Z"
725,"2017-02-19T00:00:00.000Z"
726,"2017-02-19T00:00:00.000Z"
727,"2017-02-19T00:00:00.000Z"
728,"2017-02-20T00:00:00.000Z"
729,"2017-02-20T00:00:00.000Z"
730,"2017-02-21T00:00:00.000Z"
731,"2017-02-25T00:00:00.000Z"
732,"2017-02-26T00:00:00.000Z"
733,"2017-02-26T00:00:00.000Z"
734,"2017-02-26T00:00:00.000Z"
735,"2017-02-27T00:00:00.000Z"
736,"2017-02-27T00:00:00.000Z"
737,"2017-02-27T00:00:00.000Z"
738,"2017-02-28T00:00:00.000Z"
739,"2017-02-28T00:00:00.000Z"
740,"2017-02-28T00:00:00.000Z"
741,"2017-02-28T00:00:00.000Z"
742,"2017-02-28T00:00:00.000Z"
743,"2017-03-01T00:00:00.000Z"
744,"2017-03-01T00:00:00.000Z"
745,"2017-03-01T00:00:00.000Z"
746,"2017-03-02T00:00:00.000Z"
747,"2017-03-03T00:00:00.000Z"
748,"2017-03-03T00:00:00.000Z"
749,"2017-03-04T00:00:00.000Z"
750,"2017-03-04T00:00:00.000Z"
751,"2017-03-05T00:00:00.000Z"
752,"2017-03-05T00:00:00.000Z"
753,"2017-03-05T00:00:00.000Z"
754,"2017-03-06T00:00:00.000Z"
755,"2017-03-06T00:00:00.000Z"
756,"2017-03-06T00:00:00.000Z"
757,"2017-03-06T00:00:00.000Z"
758,"2017-03-06T00:00:00.000Z"
759,"2017-03-07T00:00:00.000Z"
760,"2017-03-07T00:00:00.000Z"
761,"2017-03-07T00:00:00.000Z"
762,"2017-03-08T00:00:00.000Z"
763,"2017-03-08T00:00:00.000Z"
764,"2017-03-09T00:00:00.000Z"
765,"2017-03-09T00:00:00.000Z"
766,"2017-03-09T00:00:00.000Z"
767,"2017-03-09T00:00:00.000Z"
768,"2017-03-09T00:00:00.000Z"
769,"2017-03-09T00:00:00.000Z"
770,"2017-03-09T00:00:00.000Z"
771,"2017-03-11T00:00:00.000Z"
772,"2017-03-11T00:00:00.000Z"
773,"2017-03-11T00:00:00.000Z"
774,"2017-03-12T00:00:00.000Z"
775,"2017-03-12T00:00:00.000Z"
776,"2017-03-13T00:00:00.000Z"
777,"2017-03-13T00:00:00.000Z"
778,"2017-03-15T00:00:00.000Z"
779,"2017-03-15T00:00:00.000Z"
780,"2017-03-15T00:00:00.000Z"
781,"2017-03-15T00:00:00.000Z"
782,"2017-03-15T00:00:00.000Z"
783,"2017-03-16T00:00:00.000Z"
784,"2017-03-16T00:00:00.000Z"
785,"2017-03-18T00:00:00.000Z"
786,"2017-03-18T00:00:00.000Z"
787,"2017-03-18T00:00:00.000Z"
788,"2017-03-18T00:00:00.000Z"
789,"2017-03-19T00:00:00.000Z"
790,"2017-03-19T00:00:00.000Z"
791,"2017-03-20T00:00:00.000Z"
792,"2017-03-22T00:00:00.000Z"
793,"2017-03-23T00:00:00.000Z"
794,"2017-03-23T00:00:00.000Z"
795,"2017-03-23T00:00:00.000Z"
796,"2017-03-23T00:00:00.000Z"
797,"2017-03-24T00:00:00.000Z"
798,"2017-03-26T00:00:00.000Z"
799,"2017-03-27T00:00:00.000Z"
800,"2017-03-27T00:00:00.000Z"
801,"2017-03-28T00:00:00.000Z"
802,"2017-03-28T00:00:00.000Z"
803,"2017-03-28T00:00:00.000Z"
804,"2017-03-29T00:00:00.000Z"
805,"2017-03-29T00:00:00.000Z"
806,"2017-03-30T00:00:00.000Z"
807,"2017-03-30T00:00:00.000Z"
808,"2017-03-31T00:00:00.000Z"
809,"2017-03-31T00:00:00.000Z"
810,"2017-04-01T00:00:00.000Z"
811,"2017-04-01T00:00:00.000Z"
812,"2017-04-01T00:00:00.000Z"
813,"2017-04-01T00:00:00.000Z"
814,"2017-04-02T00:00:00.000Z"
815,"2017-04-03T00:00:00.000Z"
816,"2017-04-03T00:00:00.000Z"
817,"2017-04-04T00:00:00.000Z"
818,"2017-04-04T00:00:00.000Z"
819,"2017-04-04T00:00:00.000Z"
820,"2017-04-05T00:00:00.000Z"
821,"2017-04-05T00:00:00.000Z"
822,"2017-04-06T00:00:00.000Z"
823,"2017-04-06T00:00:00.000Z"
824,"2017-04-07T00:00:00.000Z"
825,"2017-04-07T00:00:00.000Z"
826,"2017-04-07T00:00:00.000Z"
827,"2017-04-07T00:00:00.000Z"
828,"2017-04-09T00:00:00.000Z"
829,"2017-04-09T00:00:00.000Z"
830,"2017-04-11T00:00:00.000Z"
831,"2017-04-11T00:00:00.000Z"
832,"2017-04-11T00:00:00.000Z"
833,"2017-04-12T00:00:00.000Z"
834,"2017-04-12T00:00:00.000Z"
835,"2017-04-13T00:00:00.000Z"
836,"2017-04-13T00:00:00.000Z"
837,"2017-04-13T00:00:00.000Z"
838,"2017-04-14T00:00:00.000Z"
839,"2017-04-15T00:00:00.000Z"
840,"2017-04-15T00:00:00.000Z"
841,"2017-04-15T00:00:00.000Z"
842,"2017-04-15T00:00:00.000Z"
843,"2017-04-16T00:00:00.000Z"
844,"2017-04-16T00:00:00.000Z"
845,"2017-04-17T00:00:00.000Z"
846,"2017-04-17T00:00:00.000Z"
847,"2017-04-18T00:00:00.000Z"
848,"2017-04-18T00:00:00.000Z"
849,"2017-04-19T00:00:00.000Z"
850,"2017-04-19T00:00:00.000Z"
851,"2017-04-20T00:00:00.000Z"
852,"2017-04-21T00:00:00.000Z"
853,"2017-04-21T00:00:00.000Z"
854,"2017-04-22T00:00:00.000Z"
855,"2017-04-22T00:00:00.000Z"
856,"2017-04-23T00:00:00.000Z"
857,"2017-04-24T00:00:00.000Z"
858,"2017-04-25T00:00:00.000Z"
859,"2017-04-25T00:00:00.000Z"
860,"2017-04-27T00:00:00.000Z"
861,"2017-04-27T00:00:00.000Z"
862,"2017-04-27T00:00:00.000Z"
863,"2017-04-28T00:00:00.000Z"
864,"2017-04-28T00:00:00.000Z"
865,"2017-04-29T00:00:00.000Z"
866,"2017-04-29T00:00:00.000Z"
867,"2017-05-01T00:00:00.000Z"
868,"2017-05-01T00:00:00.000Z"
869,"2017-05-01T00:00:00.000Z"
870,"2017-05-01T00:00:00.000Z"
871,"2017-05-02T00:00:00.000Z"
872,"2017-05-03T00:00:00.000Z"
873,"2017-05-03T00:00:00.000Z"
874,"2017-05-04T00:00:00.000Z"
875,"2017-05-05T00:00:00.000Z"
876,"2017-05-05T00:00:00.000Z"
877,"2017-05-06T00:00:00.000Z"
878,"2017-05-07T00:00:00.000Z"
879,"2017-05-08T00:00:00.000Z"
880,"2017-05-08T00:00:00.000Z"
881,"2017-05-08T00:00:00.000Z"
882,"2017-05-09T00:00:00.000Z"
883,"2017-05-11T00:00:00.000Z"
884,"2017-05-11T00:00:00.000Z"
885,"2017-05-13T00:00:00.000Z"
886,"2017-05-13T00:00:00.000Z"
887,"2017-05-13T00:00:00.000Z"
888,"2017-05-14T00:00:00.000Z"
889,"2017-05-14T00:00:00.000Z"
890,"2017-05-15T00:00:00.000Z"
891,"2017-05-15T00:00:00.000Z"
892,"2017-05-15T00:00:00.000Z"
893,"2017-05-16T00:00:00.000Z"
894,"2017-05-16T00:00:00.000Z"
895,"2017-05-18T00:00:00.000Z"
896,"2017-05-19T00:00:00.000Z"
897,"2017-05-20T00:00:00.000Z"
898,"2017-05-20T00:00:00.000Z"
899,"2017-05-20T00:00:00.000Z"
900,"2017-05-20T00:00:00.000Z"
901,"2017-05-21T00:00:00.000Z"
902,"2017-05-21T00:00:00.000Z"
903,"2017-05-22T00:00:00.000Z"
904,"2017-05-23T00:00:00.000Z"
905,"2017-05-23T00:00:00.000Z"
906,"2017-05-23T00:00:00.000Z"
907,"2017-05-24T00:00:00.000Z"
908,"2017-05-25T00:00:00.000Z"
909,"2017-05-26T00:00:00.000Z"
910,"2017-05-26T00:00:00.000Z"
911,"2017-05-26T00:00:00.000Z"
912,"2017-05-27T00:00:00.000Z"
913,"2017-05-27T00:00:00.000Z"
914,"2017-05-28T00:00:00.000Z"
915,"2017-05-28T00:00:00.000Z"
916,"2017-05-28T00:00:00.000Z"
917,"2017-05-29T00:00:00.000Z"
918,"2017-05-30T00:00:00.000Z"
919,"2017-05-30T00:00:00.000Z"
920,"2017-05-30T00:00:00.000Z"
921,"2017-05-31T00:00:00.000Z"
922,"2017-05-31T00:00:00.000Z"
923,"2017-05-31T00:00:00.000Z"
924,"2017-06-02T00:00:00.000Z"
925,"2017-06-02T00:00:00.000Z"
926,"2017-06-03T00:00:00.000Z"
927,"2017-06-03T00:00:00.000Z"
928,"2017-06-05T00:00:00.000Z"
929,"2017-06-05T00:00:00.000Z"
930,"2017-06-05T00:00:00.000Z"
931,"2017-06-07T00:00:00.000Z"
932,"2017-06-07T00:00:00.000Z"
933,"2017-06-07T00:00:00.000Z"
934,"2017-06-09T00:00:00.000Z"
935,"2017-06-10T00:00:00.000Z"
936,"2017-06-10T00:00:00.000Z"
937,"2017-06-11T00:00:00.000Z"
938,"2017-06-11T00:00:00.000Z"
939,"2017-06-11T00:00:00.000Z"
940,"2017-06-12T00:00:00.000Z"
941,"2017-06-12T00:00:00.000Z"
942,"2017-06-13T00:00:00.000Z"
943,"2017-06-13T00:00:00.000Z"
944,"2017-06-14T00:00:00.000Z"
945,"2017-06-14T00:00:00.000Z"
946,"2017-06-14T00:00:00.000Z"
947,"2017-06-15T00:00:00.000Z"
948,"2017-06-15T00:00:00.000Z"
949,"2017-06-16T00:00:00.000Z"
950,"2017-06-16T00:00:00.000Z"
951,"2017-06-16T00:00:00.000Z"
952,"2017-06-16T00:00:00.000Z"
953,"2017-06-16T00:00:00.000Z"
954,"2017-06-17T00:00:00.000Z"
955,"2017-06-17T00:00:00.000Z"
956,"2017-06-17T00:00:00.000Z"
957,"2017-06-17T00:00:00.000Z"
958,"2017-06-18T00:00:00.000Z"
959,"2017-06-18T00:00:00.000Z"
960,"2017-06-18T00:00:00.000Z"
961,"2017-06-19T00:00:00.000Z"
962,"2017-06-19T00:00:00.000Z"
963,"2017-06-19T00:00:00.000Z"
964,"2017-06-20T00:00:00.000Z"
965,"2017-06-20T00:00:00.000Z"
966,"2017-06-20T00:00:00.000Z"
967,"2017-06-21T00:00:00.000Z"
968,"2017-06-21T00:00:00.000Z"
969,"2017-06-21T00:00:00.000Z"
970,"2017-06-22T00:00:00.000Z"
971,"2017-06-22T00:00:00.000Z"
972,"2017-06-23T00:00:00.000Z"
973,"2017-06-24T00:00:00.000Z"
974,"2017-06-24T00:00:00.000Z"
975,"2017-06-25T00:00:00.000Z"
976,"2017-06-25T00:00:00.000Z"
977,"2017-06-26T00:00:00.000Z"
978,"2017-06-26T00:00:00.000Z"
979,"2017-06-26T00:00:00.000Z"
980,"2017-06-26T00:00:00.000Z"
981,"2017-06-26T00:00:00.000Z"
982,"2017-06-26T00:00:00.000Z"
983,"2017-06-27T00:00:00.000Z"
984,"2017-06-27T00:00:00.000Z"
985,"2017-06-30T00:00:00.000Z"
986,"2017-06-30T00:00:00.000Z"
987,"2017-07-02T00:00:00.000Z"
988,"2017-07-02T00:00:00.000Z"
989,"2017-07-02T00:00:00.000Z"
990,"2017-07-04T00:00:00.000Z"
991,"2017-07-06T00:00:00.000Z"
992,"2017-07-07T00:00:00.000Z"
993,"2017-07-09T00:00:00.000Z"
994,"2017-07-09T00:00:00.000Z"
995,"2017-07-11T00:00:00.000Z"
996,"2017-07-11T00:00:00.000Z"
997,"2017-07-11T00:00:00.000Z"
998,"2017-07-12T00:00:00.000Z"
999,"2017-07-12T00:00:00.000Z"
1000,"2017-07-12T00:00:00.000Z"
1001,"2017-07-13T00:00:00.000Z"
1002,"2017-07-14T00:00:00.000Z"
1003,"2017-07-14T00:00:00.000Z"
1004,"2017-07-14T00:00:00.000Z"
1005,"2017-07-15T00:00:00.000Z"
1006,"2017-07-15T00:00:00.000Z"
1007,"2017-07-16T00:00:00.000Z"
1008,"2017-07-16T00:00:00.000Z"
1009,"2017-07-16T00:00:00.000Z"
1010,"2017-07-18T00:00:00.000Z"
1011,"2017-07-18T00:00:00.000Z"
1012,"2017-07-18T00:00:00.000Z"
1013,"2017-07-19T00:00:00.000Z"
1014,"2017-07-19T00:00:00.000Z"
1015,"2017-07-19T00:00:00.000Z"
1016,"2017-07-19T00:00:00.000Z"
1017,"2017-07-20T00:00:00.000Z"
1018,"2017-07-22T00:00:00.000Z"
1019,"2017-07-22T00:00:00.000Z"
1020,"2017-07-23T00:00:00.000Z"
1021,"2017-07-23T00:00:00.000Z"
1022,"2017-07-23T00:00:00.000Z"
1023,"2017-07-23T00:00:00.000Z"
1024,"2017-07-23T00:00:00.000Z"
1025,"2017-07-23T00:00:00.000Z"
1026,"2017-07-26T00:00:00.000Z"
1027,"2017-07-26T00:00:00.000Z"
1028,"2017-07-27T00:00:00.000Z"
1029,"2017-07-29T00:00:00.000Z"
1030,"2017-07-29T00:00:00.000Z"
1031,"2017-07-30T00:00:00.000Z"
1032,"2017-07-30T00:00:00.000Z"
1033,"2017-07-30T00:00:00.000Z"
1034,"2017-07-30T00:00:00.000Z"
1035,"2017-07-30T00:00:00.000Z"
1036,"2017-07-30T00:00:00.000Z"
1037,"2017-07-31T00:00:00.000Z"
1038,"2017-07-31T00:00:00.000Z"
1039,"2017-08-02T00:00:00.000Z"
1040,"2017-08-04T00:00:00.000Z"
1041,"2017-08-04T00:00:00.000Z"
1042,"2017-08-06T00:00:00.000Z"
1043,"2017-08-06T00:00:00.000Z"
1044,"2017-08-07T00:00:00.000Z"
1045,"2017-08-07T00:00:00.000Z"
1046,"2017-08-07T00:00:00.000Z"
1047,"2017-08-08T00:00:00.000Z"
1048,"2017-08-08T00:00:00.000Z"
1049,"2017-08-09T00:00:00.000Z"
1050,"2017-08-09T00:00:00.000Z"
1051,"2017-08-10T00:00:00.000Z"
1052,"2017-08-10T00:00:00.000Z"
1053,"2017-08-10T00:00:00.000Z"
1054,"2017-08-11T00:00:00.000Z"
1055,"2017-08-12T00:00:00.000Z"
1056,"2017-08-12T00:00:00.000Z"
1057,"2017-08-12T00:00:00.000Z"
1058,"2017-08-13T00:00:00.000Z"
1059,"2017-08-14T00:00:00.000Z"
1060,"2017-08-15T00:00:00.000Z"
1061,"2017-08-15T00:00:00.000Z"
1062,"2017-08-15T00:00:00.000Z"
1063,"2017-08-16T00:00:00.000Z"
1064,"2017-08-16T00:00:00.000Z"
1065,"2017-08-17T00:00:00.000Z"
1066,"2017-08-17T00:00:00.000Z"
1067,"2017-08-17T00:00:00.000Z"
1068,"2017-08-17T00:00:00.000Z"
1069,"2017-08-17T00:00:00.000Z"
1070,"2017-08-17T00:00:00.000Z"
1071,"2017-08-17T00:00:00.000Z"
1072,"2017-08-18T00:00:00.000Z"
1073,"2017-08-18T00:00:00.000Z"
1074,"2017-08-19T00:00:00.000Z"
1075,"2017-08-19T00:00:00.000Z"
1076,"2017-08-19T00:00:00.000Z"
1077,"2017-08-19T00:00:00.000Z"
1078,"2017-08-19T00:00:00.000Z"
1079,"2017-08-19T00:00:00.000Z"
1080,"2017-08-19T00:00:00.000Z"
1081,"2017-08-19T00:00:00.000Z"
1082,"2017-08-20T00:00:00.000Z"
1083,"2017-08-20T00:00:00.000Z"
1084,"2017-08-21T00:00:00.000Z"
1085,"2017-08-21T00:00:00.000Z"
1086,"2017-08-21T00:00:00.000Z"
1087,"2017-08-22T00:00:00.000Z"
1088,"2017-08-22T00:00:00.000Z"
1089,"2017-08-23T00:00:00.000Z"
1090,"2017-08-24T00:00:00.000Z"
1091,"2017-08-24T00:00:00.000Z"
1092,"2017-08-25T00:00:00.000Z"
1093,"2017-08-25T00:00:00.000Z"
1094,"2017-08-25T00:00:00.000Z"
1095,"2017-08-26T00:00:00.000Z"
1096,"2017-08-27T00:00:00.000Z"
1097,"2017-08-27T00:00:00.000Z"
1098,"2017-08-28T00:00:00.000Z"
1099,"2017-08-28T00:00:00.000Z"
1100,"2017-08-28T00:00:00.000Z"
1101,"2017-08-29T00:00:00.000Z"
1102,"2017-08-29T00:00:00.000Z"
1103,"2017-08-31T00:00:00.000Z"
1104,"2017-09-01T00:00:00.000Z"
1105,"2017-09-01T00:00:00.000Z"
1106,"2017-09-02T00:00:00.000Z"
1107,"2017-09-02T00:00:00.000Z"
1108,"2017-09-03T00:00:00.000Z"
1109,"2017-09-03T00:00:00.000Z"
1110,"2017-09-04T00:00:00.000Z"
1111,"2017-09-04T00:00:00.000Z"
1112,"2017-09-05T00:00:00.000Z"
1113,"2017-09-06T00:00:00.000Z"
1114,"2017-09-06T00:00:00.000Z"
1115,"2017-09-07T00:00:00.000Z"
1116,"2017-09-08T00:00:00.000Z"
1117,"2017-09-08T00:00:00.000Z"
1118,"2017-09-08T00:00:00.000Z"
1119,"2017-09-10T00:00:00.000Z"
1120,"2017-09-10T00:00:00.000Z"
1121,"2017-09-11T00:00:00.000Z"
1122,"2017-09-12T00:00:00.000Z"
1123,"2017-09-13T00:00:00.000Z"
1124,"2017-09-13T00:00:00.000Z"
1125,"2017-09-14T00:00:00.000Z"
1126,"2017-09-14T00:00:00.000Z"
1127,"2017-09-15T00:00:00.000Z"
1128,"2017-09-15T00:00:00.000Z"
1129,"2017-09-17T00:00:00.000Z"
1130,"2017-09-18T00:00:00.000Z"
1131,"2017-09-18T00:00:00.000Z"
1132,"2017-09-19T00:00:00.000Z"
1133,"2017-09-19T00:00:00.000Z"
1134,"2017-09-19T00:00:00.000Z"
1135,"2017-09-19T00:00:00.000Z"
1136,"2017-09-20T00:00:00.000Z"
1137,"2017-09-20T00:00:00.000Z"
1138,"2017-09-21T00:00:00.000Z"
1139,"2017-09-21T00:00:00.000Z"
1140,"2017-09-21T00:00:00.000Z"
1141,"2017-09-22T00:00:00.000Z"
1142,"2017-09-23T00:00:00.000Z"
1143,"2017-09-24T00:00:00.000Z"
1144,"2017-09-24T00:00:00.000Z"
1145,"2017-09-25T00:00:00.000Z"
1146,"2017-09-25T00:00:00.000Z"
1147,"2017-09-25T00:00:00.000Z"
1148,"2017-09-25T00:00:00.000Z"
1149,"2017-09-27T00:00:00.000Z"
1150,"2017-09-28T00:00:00.000Z"
1151,"2017-09-29T00:00:00.000Z"
1152,"2017-09-29T00:00:00.000Z"
1153,"2017-09-30T00:00:00.000Z"
1154,"2017-09-30T00:00:00.000Z"
1155,"2017-09-30T00:00:00.000Z"
1156,"2017-09-30T00:00:00.000Z"
1157,"2017-10-01T00:00:00.000Z"
1158,"2017-10-01T00:00:00.000Z"
1159,"2017-10-01T00:00:00.000Z"
1160,"2017-10-01T00:00:00.000Z"
1161,"2017-10-01T00:00:00.000Z"
1162,"2017-10-01T00:00:00.000Z"
1163,"2017-10-01T00:00:00.000Z"
1164,"2017-10-01T00:00:00.000Z"
1165,"2017-10-02T00:00:00.000Z"
1166,"2017-10-03T00:00:00.000Z"
1167,"2017-10-04T00:00:00.000Z"
1168,"2017-10-04T00:00:00.000Z"
1169,"2017-10-04T00:00:00.000Z"
1170,"2017-10-05T00:00:00.000Z"
1171,"2017-10-05T00:00:00.000Z"
1172,"2017-10-07T00:00:00.000Z"
1173,"2017-10-08T00:00:00.000Z"
1174,"2017-10-08T00:00:00.000Z"
1175,"2017-10-09T00:00:00.000Z"
1176,"2017-10-10T00:00:00.000Z"
1177,"2017-10-12T00:00:00.000Z"
1178,"2017-10-12T00:00:00.000Z"
1179,"2017-10-12T00:00:00.000Z"
1180,"2017-10-13T00:00:00.000Z"
1181,"2017-10-13T00:00:00.000Z"
1182,"2017-10-13T00:00:00.000Z"
1183,"2017-10-14T00:00:00.000Z"
1184,"2017-10-14T00:00:00.000Z"
1185,"2017-10-14T00:00:00.000Z"
1186,"2017-10-14T00:00:00.000Z"
1187,"2017-10-15T00:00:00.000Z"
1188,"2017-10-15T00:00:00.000Z"
1189,"2017-10-15T00:00:00.000Z"
1190,"2017-10-16T00:00:00.000Z"
1191,"2017-10-17T00:00:00.000Z"
1192,"2017-10-17T00:00:00.000Z"
1193,"2017-10-17T00:00:00.000Z"
1194,"2017-10-19T00:00:00.000Z"
1195,"2017-10-19T00:00:00.000Z"
1196,"2017-10-19T00:00:00.000Z"
1197,"2017-10-21T00:00:00.000Z"
1198,"2017-10-22T00:00:00.000Z"
1199,"2017-10-23T00:00:00.000Z"
1200,"2017-10-23T00:00:00.000Z"
1201,"2017-10-23T00:00:00.000Z"
1202,"2017-10-24T00:00:00.000Z"
1203,"2017-10-25T00:00:00.000Z"
1204,"2017-10-25T00:00:00.000Z"
1205,"2017-10-26T00:00:00.000Z"
1206,"2017-10-26T00:00:00.000Z"
1207,"2017-10-26T00:00:00.000Z"
1208,"2017-10-26T00:00:00.000Z"
1209,"2017-10-26T00:00:00.000Z"
1210,"2017-10-26T00:00:00.000Z"
1211,"2017-10-27T00:00:00.000Z"
1212,"2017-10-27T00:00:00.000Z"
1213,"2017-10-27T00:00:00.000Z"
1214,"2017-10-28T00:00:00.000Z"
1215,"2017-10-28T00:00:00.000Z"
1216,"2017-10-28T00:00:00.000Z"
1217,"2017-10-28T00:00:00.000Z"
1218,"2017-10-30T00:00:00.000Z"
1219,"2017-10-30T00:00:00.000Z"
1220,"2017-10-31T00:00:00.000Z"
1221,"2017-10-31T00:00:00.000Z"
1222,"2017-11-01T00:00:00.000Z"
1223,"2017-11-02T00:00:00.000Z"
1224,"2017-11-03T00:00:00.000Z"
1225,"2017-11-04T00:00:00.000Z"
1226,"2017-11-04T00:00:00.000Z"
1227,"2017-11-04T00:00:00.000Z"
1228,"2017-11-04T00:00:00.000Z"
1229,"2017-11-05T00:00:00.000Z"
1230,"2017-11-05T00:00:00.000Z"
1231,"2017-11-05T00:00:00.000Z"
1232,"2017-11-06T00:00:00.000Z"
1233,"2017-11-06T00:00:00.000Z"
1234,"2017-11-07T00:00:00.000Z"
1235,"2017-11-07T00:00:00.000Z"
1236,"2017-11-08T00:00:00.000Z"
1237,"2017-11-09T00:00:00.000Z"
1238,"2017-11-09T00:00:00.000Z"
1239,"2017-11-09T00:00:00.000Z"
1240,"2017-11-10T00:00:00.000Z"
1241,"2017-11-10T00:00:00.000Z"
1242,"2017-11-11T00:00:00.000Z"
1243,"2017-11-11T00:00:00.000Z"
1244,"2017-11-12T00:00:00.000Z"
1245,"2017-11-13T00:00:00.000Z"
1246,"2017-11-13T00:00:00.000Z"
1247,"2017-11-16T00:00:00.000Z"
1248,"2017-11-16T00:00:00.000Z"
1249,"2017-11-17T00:00:00.000Z"
1250,"2017-11-17T00:00:00.000Z"
1251,"2017-11-17T00:00:00.000Z"
1252,"2017-11-18T00:00:00.000Z"
1253,"2017-11-18T00:00:00.000Z"
1254,"2017-11-18T00:00:00.000Z"
1255,"2017-11-19T00:00:00.000Z"
1256,"2017-11-19T00:00:00.000Z"
1257,"2017-11-19T00:00:00.000Z"
1258,"2017-11-20T00:00:00.000Z"
1259,"2017-11-21T00:00:00.000Z"
1260,"2017-11-22T00:00:00.000Z"
1261,"2017-11-23T00:00:00.000Z"
1262,"2017-11-23T00:00:00.000Z"
1263,"2017-11-23T00:00:00.000Z"
1264,"2017-11-24T00:00:00.000Z"
1265,"2017-11-24T00:00:00.000Z"
1266,"2017-11-25T00:00:00.000Z"
1267,"2017-11-25T00:00:00.000Z"
1268,"2017-11-26T00:00:00.000Z"
1269,"2017-11-26T00:00:00.000Z"
1270,"2017-11-26T00:00:00.000Z"
1271,"2017-11-27T00:00:00.000Z"
1272,"2017-11-27T00:00:00.000Z"
1273,"2017-11-27T00:00:00.000Z"
1274,"2017-11-28T00:00:00.000Z"
1275,"2017-11-29T00:00:00.000Z"
1276,"2017-11-30T00:00:00.000Z"
1277,"2017-12-01T00:00:00.000Z"
1278,"2017-12-01T00:00:00.000Z"
1279,"2017-12-01T00:00:00.000Z"
1280,"2017-12-01T00:00:00.000Z"
1281,"2017-12-02T00:00:00.000Z"
1282,"2017-12-03T00:00:00.000Z"
1283,"2017-12-04T00:00:00.000Z"
1284,"2017-12-04T00:00:00.000Z"
1285,"2017-12-04T00:00:00.000Z"
1286,"2017-12-04T00:00:00.000Z"
1287,"2017-12-07T00:00:00.000Z"
1288,"2017-12-07T00:00:00.000Z"
1289,"2017-12-08T00:00:00.000Z"
1290,"2017-12-08T00:00:00.000Z"
1291,"2017-12-09T00:00:00.000Z"
1292,"2017-12-10T00:00:00.000Z"
1293,"2017-12-10T00:00:00.000Z"
1294,"2017-12-11T00:00:00.000Z"
1295,"2017-12-11T00:00:00.000Z"
1296,"2017-12-14T00:00:00.000Z"
1297,"2017-12-14T00:00:00.000Z"
1298,"2017-12-14T00:00:00.000Z"
1299,"2017-12-15T00:00:00.000Z"
1300,"2017-12-15T00:00:00.000Z"
1301,"2017-12-16T00:00:00.000Z"
1302,"2017-12-16T00:00:00.000Z"
1303,"2017-12-16T00:00:00.000Z"
1304,"2017-12-16T00:00:00.000Z"
1305,"2017-12-17T00:00:00.000Z"
1306,"2017-12-20T00:00:00.000Z"
1307,"2017-12-22T00:00:00.000Z"
1308,"2017-12-22T00:00:00.000Z"
1309,"2017-12-22T00:00:00.000Z"
1310,"2017-12-24T00:00:00.000Z"
1311,"2017-12-24T00:00:00.000Z"
1312,"2017-12-25T00:00:00.000Z"
1313,"2017-12-25T00:00:00.000Z"
1314,"2017-12-25T00:00:00.000Z"
1315,"2017-12-25T00:00:00.000Z"
1316,"2017-12-26T00:00:00.000Z"
1317,"2017-12-27T00:00:00.000Z"
1318,"2017-12-27T00:00:00.000Z"
1319,"2017-12-27T00:00:00.000Z"
1320,"2017-12-28T00:00:00.000Z"
1321,"2017-12-30T00:00:00.000Z"
1322,"2017-12-31T00:00:00.000Z"
1323,"2017-12-31T00:00:00.000Z"
1324,"2018-01-01T00:00:00.000Z"
1325,"2018-01-01T00:00:00.000Z"
1326,"2018-01-01T00:00:00.000Z"
1327,"2018-01-02T00:00:00.000Z"
1328,"2018-01-02T00:00:00.000Z"
1329,"2018-01-04T00:00:00.000Z"
1330,"2018-01-04T00:00:00.000Z"
1331,"2018-01-05T00:00:00.000Z"
1332,"2018-01-06T00:00:00.000Z"
1333,"2018-01-06T00:00:00.000Z"
1334,"2018-01-07T00:00:00.000Z"
1335,"2018-01-07T00:00:00.000Z"
1336,"2018-01-09T00:00:00.000Z"
1337,"2018-01-09T00:00:00.000Z"
1338,"2018-01-10T00:00:00.000Z"
1339,"2018-01-11T00:00:00.000Z"
1340,"2018-01-12T00:00:00.000Z"
1341,"2018-01-12T00:00:00.000Z"
1342,"2018-01-12T00:00:00.000Z"
1343,"2018-01-13T00:00:00.000Z"
1344,"2018-01-13T00:00:00.000Z"
1345,"2018-01-14T00:00:00.000Z"
1346,"2018-01-14T00:00:00.000Z"
1347,"2018-01-15T00:00:00.000Z"
1348,"2018-01-15T00:00:00.000Z"
1349,"2018-01-15T00:00:00.000Z"
1350,"2018-01-15T00:00:00.000Z"
1351,"2018-01-16T00:00:00.000Z"
1352,"2018-01-16T00:00:00.000Z"
1353,"2018-01-17T00:00:00.000Z"
1354,"2018-01-19T00:00:00.000Z"
1355,"2018-01-19T00:00:00.000Z"
1356,"2018-01-19T00:00:00.000Z"
1357,"2018-01-20T00:00:00.000Z"
1358,"2018-01-21T00:00:00.000Z"
1359,"2018-01-21T00:00:00.000Z"
1360,"2018-01-22T00:00:00.000Z"
1361,"2018-01-22T00:00:00.000Z"
1362,"2018-01-23T00:00:00.000Z"
1363,"2018-01-24T00:00:00.000Z"
1364,"2018-01-25T00:00:00.000Z"
1365,"2018-01-25T00:00:00.000Z"
1366,"2018-01-26T00:00:00.000Z"
1367,"2018-01-27T00:00:00.000Z"
1368,"2018-01-27T00:00:00.000Z"
1369,"2018-01-28T00:00:00.000Z"
1370,"2018-01-28T00:00:00.000Z"
1371,"2018-01-29T00:00:00.000Z"
1372,"2018-01-29T00:00:00.000Z"
1373,"2018-01-29T00:00:00.000Z"
1374,"2018-01-30T00:00:00.000Z"
1375,"2018-01-30T00:00:00.000Z"
1376,"2018-02-01T00:00:00.000Z"
1377,"2018-02-01T00:00:00.000Z"
1378,"2018-02-02T00:00:00.000Z"
1379,"2018-02-02T00:00:00.000Z"
1380,"2018-02-05T00:00:00.000Z"
1381,"2018-02-05T00:00:00.000Z"
1382,"2018-02-06T00:00:00.000Z"
1383,"2018-02-07T00:00:00.000Z"
1384,"2018-02-08T00:00:00.000Z"
1385,"2018-02-08T00:00:00.000Z"
1386,"2018-02-09T00:00:00.000Z"
1387,"2018-02-09T00:00:00.000Z"
1388,"2018-02-09T00:00:00.000Z"
1389,"2018-02-11T00:00:00.000Z"
1390,"2018-02-12T00:00:00.000Z"
1391,"2018-02-13T00:00:00.000Z"
1392,"2018-02-13T00:00:00.000Z"
1393,"2018-02-14T00:00:00.000Z"
1394,"2018-02-14T00:00:00.000Z"
1395,"2018-02-15T00:00:00.000Z"
1396,"2018-02-15T00:00:00.000Z"
1397,"2018-02-15T00:00:00.000Z"
1398,"2018-02-16T00:00:00.000Z"
1399,"2018-02-16T00:00:00.000Z"
1400,"2018-02-17T00:00:00.000Z"
1401,"2018-02-18T00:00:00.000Z"
1402,"2018-02-19T00:00:00.000Z"
1403,"2018-02-21T00:00:00.000Z"
1404,"2018-02-23T00:00:00.000Z"
1405,"2018-02-25T00:00:00.000Z"
1406,"2018-02-25T00:00:00.000Z"
1407,"2018-02-26T00:00:00.000Z"
1408,"2018-02-26T00:00:00.000Z"
1409,"2018-02-26T00:00:00.000Z"
1410,"2018-02-27T00:00:00.000Z"
1411,"2018-03-01T00:00:00.000Z"
1412,"2018-03-01T00:00:00.000Z"
1413,"2018-03-01T00:00:00.000Z"
1414,"2018-03-03T00:00:00.000Z"
1415,"2018-03-03T00:00:00.000Z"
1416,"2018-03-03T00:00:00.000Z"
1417,"2018-03-04T00:00:00.000Z"
1418,"2018-03-04T00:00:00.000Z"
1419,"2018-03-04T00:00:00.000Z"
1420,"2018-03-04T00:00:00.000Z"
1421,"2018-03-05T00:00:00.000Z"
1422,"2018-03-05T00:00:00.000Z"
1423,"2018-03-06T00:00:00.000Z"
1424,"2018-03-07T00:00:00.000Z"
1425,"2018-03-07T00:00:00.000Z"
1426,"2018-03-07T00:00:00.000Z"
1427,"2018-03-07T00:00:00.000Z"
1428,"2018-03-08T00:00:00.000Z"
1429,"2018-03-08T00:00:00.000Z"
1430,"2018-03-10T00:00:00.000Z"
1431,"2018-03-11T00:00:00.000Z"
1432,"2018-03-11T00:00:00.000Z"
1433,"2018-03-11T00:00:00.000Z"
1434,"2018-03-14T00:00:00.000Z"
1435,"2018-03-14T00:00:00.000Z"
1436,"2018-03-14T00:00:00.000Z"
1437,"2018-03-15T00:00:00.000Z"
1438,"2018-03-15T00:00:00.000Z"
1439,"2018-03-15T00:00:00.000Z"
1440,"2018-03-15T00:00:00.000Z"
1441,"2018-03-15T00:00:00.000Z"
1442,"2018-03-16T00:00:00.000Z"
1443,"2018-03-16T00:00:00.000Z"
1444,"2018-03-16T00:00:00.000Z"
1445,"2018-03-17T00:00:00.000Z"
1446,"2018-03-17T00:00:00.000Z"
1447,"2018-03-18T00:00:00.000Z"
1448,"2018-03-18T00:00:00.000Z"
1449,"2018-03-18T00:00:00.000Z"
1450,"2018-03-19T00:00:00.000Z"
1451,"2018-03-19T00:00:00.000Z"
1452,"2018-03-20T00:00:00.000Z"
1453,"2018-03-20T00:00:00.000Z"
1454,"2018-03-20T00:00:00.000Z"
1455,"2018-03-20T00:00:00.000Z"
1456,"2018-03-20T00:00:00.000Z"
1457,"2018-03-20T00:00:00.000Z"
1458,"2018-03-20T00:00:00.000Z"
1459,"2018-03-21T00:00:00.000Z"
1460,"2018-03-21T00:00:00.000Z"
1461,"2018-03-22T00:00:00.000Z"
1462,"2018-03-22T00:00:00.000Z"
1463,"2018-03-23T00:00:00.000Z"
1464,"2018-03-24T00:00:00.000Z"
1465,"2018-03-25T00:00:00.000Z"
1466,"2018-03-26T00:00:00.000Z"
1467,"2018-03-26T00:00:00.000Z"
1468,"2018-03-27T00:00:00.000Z"
1469,"2018-03-27T00:00:00.000Z"
1470,"2018-03-28T00:00:00.000Z"
1471,"2018-03-28T00:00:00.000Z"
1472,"2018-03-29T00:00:00.000Z"
1473,"2018-03-30T00:00:00.000Z"
1474,"2018-03-30T00:00:00.000Z"
1475,"2018-03-30T00:00:00.000Z"
1476,"2018-03-31T00:00:00.000Z"
1477,"2018-03-31T00:00:00.000Z"
1478,"2018-03-31T00:00:00.000Z"
1479,"2018-04-01T00:00:00.000Z"
1480,"2018-04-01T00:00:00.000Z"
1481,"2018-04-01T00:00:00.000Z"
1482,"2018-04-01T00:00:00.000Z"
1483,"2018-04-02T00:00:00.000Z"
1484,"2018-04-02T00:00:00.000Z"
1485,"2018-04-02T00:00:00.000Z"
1486,"2018-04-02T00:00:00.000Z"
1487,"2018-04-03T00:00:00.000Z"
1488,"2018-04-03T00:00:00.000Z"
1489,"2018-04-03T00:00:00.000Z"
1490,"2018-04-03T00:00:00.000Z"
1491,"2018-04-04T00:00:00.000Z"
1492,"2018-04-04T00:00:00.000Z"
1493,"2018-04-04T00:00:00.000Z"
1494,"2018-04-05T00:00:00.000Z"
1495,"2018-04-05T00:00:00.000Z"
1496,"2018-04-06T00:00:00.000Z"
1497,"2018-04-06T00:00:00.000Z"
1498,"2018-04-06T00:00:00.000Z"
1499,"2018-04-06T00:00:00.000Z"
1500,"2018-04-06T00:00:00.000Z"
1501,"2018-04-06T00:00:00.000Z"
1502,"2018-04-06T00:00:00.000Z"
1503,"2018-04-07T00:00:00.000Z"
1504,"2018-04-08T00:00:00.000Z"
1505,"2018-04-08T00:00:00.000Z"
1506,"2018-04-08T00:00:00.000Z"
1507,"2018-04-08T00:00:00.000Z"
1508,"2018-04-08T00:00:00.000Z"
1509,"2018-04-09T00:00:00.000Z"
1510,"2018-04-09T00:00:00.000Z"
1511,"2018-04-09T00:00:00.000Z"
1512,"2018-04-09T00:00:00.000Z"
1513,"2018-04-10T00:00:00.000Z"
1514,"2018-04-10T00:00:00.000Z"
1515,"2018-04-10T00:00:00.000Z"
1516,"2018-04-11T00:00:00.000Z"
1517,"2018-04-11T00:00:00.000Z"
1518,"2018-04-11T00:00:00.000Z"
1519,"2018-04-11T00:00:00.000Z"
1520,"2018-04-11T00:00:00.000Z"
1521,"2018-04-12T00:00:00.000Z"
1522,"2018-04-12T00:00:00.000Z"
1523,"2018-04-12T00:00:00.000Z"
1524,"2018-04-12T00:00:00.000Z"
1525,"2018-04-12T00:00:00.000Z"
1526,"2018-04-12T00:00:00.000Z"
1527,"2018-04-12T00:00:00.000Z"
1528,"2018-04-12T00:00:00.000Z"
1529,"2018-04-12T00:00:00.000Z"
1530,"2018-04-13T00:00:00.000Z"
1531,"2018-04-13T00:00:00.000Z"
1532,"2018-04-13T00:00:00.000Z"
1533,"2018-04-13T00:00:00.000Z"
1534,"2018-04-14T00:00:00.000Z"
1535,"2018-04-14T00:00:00.000Z"
1536,"2018-04-14T00:00:00.000Z"
1537,"2018-04-15T00:00:00.000Z"
1538,"2018-04-15T00:00:00.000Z"
1539,"2018-04-15T00:00:00.000Z"
1540,"2018-04-16T00:00:00.000Z"
1541,"2018-04-16T00:00:00.000Z"
1542,"2018-04-16T00:00:00.000Z"
1543,"2018-04-16T00:00:00.000Z"
1544,"2018-04-17T00:00:00.000Z"
1545,"2018-04-17T00:00:00.000Z"
1546,"2018-04-17T00:00:00.000Z"
1547,"2018-04-17T00:00:00.000Z"
1548,"2018-04-17T00:00:00.000Z"
1549,"2018-04-17T00:00:00.000Z"
1550,"2018-04-17T00:00:00.000Z"
1551,"2018-04-17T00:00:00.000Z"
1552,"2018-04-17T00:00:00.000Z"
1553,"2018-04-18T00:00:00.000Z"
1554,"2018-04-18T00:00:00.000Z"
1555,"2018-04-18T00:00:00.000Z"
1556,"2018-04-18T00:00:00.000Z"
1557,"2018-04-19T00:00:00.000Z"
1558,"2018-04-19T00:00:00.000Z"
1559,"2018-04-20T00:00:00.000Z"
1560,"2018-04-20T00:00:00.000Z"
1561,"2018-04-20T00:00:00.000Z"
1562,"2018-04-20T00:00:00.000Z"
1563,"2018-04-20T00:00:00.000Z"
1564,"2018-04-21T00:00:00.000Z"
1565,"2018-04-21T00:00:00.000Z"
1566,"2018-04-21T00:00:00.000Z"
1567,"2018-04-21T00:00:00.000Z"
1568,"2018-04-21T00:00:00.000Z"
1569,"2018-04-22T00:00:00.000Z"
1570,"2018-04-22T00:00:00.000Z"
1571,"2018-04-22T00:00:00.000Z"
1572,"2018-04-22T00:00:00.000Z"
1573,"2018-04-23T00:00:00.000Z"
1574,"2018-04-23T00:00:00.000Z"
1575,"2018-04-23T00:00:00.000Z"
1576,"2018-04-23T00:00:00.000Z"
1577,"2018-04-23T00:00:00.000Z"
1578,"2018-04-23T00:00:00.000Z"
1579,"2018-04-24T00:00:00.000Z"
1580,"2018-04-24T00:00:00.000Z"
1581,"2018-04-25T00:00:00.000Z"
1582,"2018-04-25T00:00:00.000Z"
1583,"2018-04-25T00:00:00.000Z"
1584,"2018-04-26T00:00:00.000Z"
1585,"2018-04-26T00:00:00.000Z"
1586,"2018-04-26T00:00:00.000Z"
1587,"2018-04-26T00:00:00.000Z"
1588,"2018-04-26T00:00:00.000Z"
1589,"2018-04-27T00:00:00.000Z"
1590,"2018-04-27T00:00:00.000Z"
1591,"2018-04-27T00:00:00.000Z"
1592,"2018-04-27T00:00:00.000Z"
1593,"2018-04-27T00:00:00.000Z"
1594,"2018-04-28T00:00:00.000Z"
1595,"2018-04-28T00:00:00.000Z"
1596,"2018-04-28T00:00:00.000Z"
1597,"2018-04-28T00:00:00.000Z"
1598,"2018-04-29T00:00:00.000Z"
1599,"2018-04-29T00:00:00.000Z"
1600,"2018-04-29T00:00:00.000Z"
1601,"2018-04-29T00:00:00.000Z"
1602,"2018-04-30T00:00:00.000Z"
1603,"2018-04-30T00:00:00.000Z"
1604,"2018-06-17T00:00:00.000Z"
1605,"2018-07-01T00:00:00.000Z"
1606,"2018-07-10T00:00:00.000Z"
1607,"2018-07-11T00:00:00.000Z"
1608,"2018-07-12T00:00:00.000Z"
1609,"2018-08-23T00:00:00.000Z"
1610,"2018-08-25T00:00:00.000Z"
1611,"2018-09-06T00:00:00.000Z"
1612,"2018-10-21T00:00:00.000Z"
1613,"2018-11-18T00:00:00.000Z"
1614,"2018-11-28T00:00:00.000Z"
1615,"2018-12-28T00:00:00.000Z"